-- phpMyAdmin SQL Dump
-- version 4.5.5.1
-- http://www.phpmyadmin.net
--
-- Host: 127.0.0.1
-- Generation Time: 2017-05-08 15:50:27
-- 服务器版本： 5.7.11
-- PHP Version: 5.6.19

SET SQL_MODE = "NO_AUTO_VALUE_ON_ZERO";
SET time_zone = "+00:00";


/*!40101 SET @OLD_CHARACTER_SET_CLIENT=@@CHARACTER_SET_CLIENT */;
/*!40101 SET @OLD_CHARACTER_SET_RESULTS=@@CHARACTER_SET_RESULTS */;
/*!40101 SET @OLD_COLLATION_CONNECTION=@@COLLATION_CONNECTION */;
/*!40101 SET NAMES utf8mb4 */;

--
-- Database: `faith`
--

-- --------------------------------------------------------

--
-- 表的结构 `faith_activity`
--

CREATE TABLE `faith_activity` (
  `activity_id` int(11) UNSIGNED NOT NULL,
  `community_id` int(11) UNSIGNED NOT NULL,
  `activity_listorder` int(11) UNSIGNED NOT NULL,
  `activity_name` varchar(50) NOT NULL DEFAULT '',
  `activity_starttime` varchar(20) NOT NULL,
  `activity_endtime` varchar(20) NOT NULL,
  `create_time` int(20) NOT NULL,
  `activity_abstract` varchar(100) NOT NULL DEFAULT '',
  `editorValue` text,
  `activity_image` varchar(500) DEFAULT NULL,
  `activity_cehua` varchar(500) DEFAULT NULL,
  `activity_location` varchar(50) NOT NULL DEFAULT '',
  `activity_reason` text,
  `activity_status` varchar(20) NOT NULL DEFAULT '',
  `file` varchar(500) NOT NULL DEFAULT ''
) ENGINE=InnoDB DEFAULT CHARSET=utf8;

--
-- 转存表中的数据 `faith_activity`
--

INSERT INTO `faith_activity` (`activity_id`, `community_id`, `activity_listorder`, `activity_name`, `activity_starttime`, `activity_endtime`, `create_time`, `activity_abstract`, `editorValue`, `activity_image`, `activity_cehua`, `activity_location`, `activity_reason`, `activity_status`, `file`) VALUES
(1, 1, 0, '【早起打卡活动】', '2016-12-23 ', '2017-02-25 ', 1493707403, '知道为什么感觉你的假期很短吗？因为你的每天都是从中午开始的！快来和小编一起早起打卡吧！', '<section data-role="outer" label="Powered by 135editor.com" style="margin: 0px; padding: 0px; white-space: normal; font-family: 微软雅黑;"><section class="_135editor" data-tools="135编辑器" data-id="87840" data-color="rgb(245, 245, 244)" data-custom="rgb(245, 245, 244)" style="margin: 0px; padding: 0px; border-width: 0px; border-style: none; border-color: initial; box-sizing: border-box;"><section class="layout" style="margin: 10px auto; padding: 0px; box-sizing: border-box;"><section class="135brush" style="margin: 0px; padding: 10px; border-style: solid; -webkit-border-image: url(&quot;https://mmbiz.qlogo.cn/mmbiz_png/z9433rAGTDecZ8215cOibjjBHbLrMARg1JDibVvialwoDQiczIV6gpibDib7aXcnfwYb9B6Qa4ycNCsZVibk5s59VNAtA/0?wx_fmt=png&quot;) 15 fill; border-width: 15px; box-sizing: border-box;"><p style="margin-top: 0px; margin-bottom: 0px; padding: 0px; clear: both; text-align: center;"><span style="margin: 0px; padding: 0px; text-shadow: rgb(79, 129, 189) 2px 2px 10px;">当寒假还没开始时！</span></p><p style="margin-top: 0px; margin-bottom: 0px; padding: 0px; clear: both; text-align: center;"><span style="margin: 0px; padding: 0px; text-shadow: rgb(79, 129, 189) 2px 2px 10px;">我们是酱紫的</span></p><p style="margin-top: 0px; margin-bottom: 0px; padding: 0px; clear: both; text-align: center;"><span style="margin: 0px; padding: 0px; text-shadow: rgb(79, 129, 189) 2px 2px 10px;">当考完最后一门时！</span></p><p style="margin-top: 0px; margin-bottom: 0px; padding: 0px; clear: both; text-align: center;"><span style="margin: 0px; padding: 0px; text-shadow: rgb(79, 129, 189) 2px 2px 10px;">我们是酱紫的</span></p><p style="margin-top: 0px; margin-bottom: 0px; padding: 0px; clear: both;"><br style="margin: 0px; padding: 0px;"/></p><p style="margin-top: 0px; margin-bottom: 0px; padding: 0px; clear: both;"><span style="margin: 0px; padding: 0px; text-shadow: rgb(255, 0, 0) 2px 2px 10px;"><strong style="margin: 0px; padding: 0px;"><span style="margin: 0px; padding: 0px; font-size: 20px;">然而~</span></strong></span></p><p style="margin-top: 0px; margin-bottom: 0px; padding: 0px; clear: both; text-align: center;"><span style="margin: 0px; padding: 0px; font-size: 20px; text-shadow: rgb(255, 0, 0) 2px 2px 10px;">当考试成绩出来的那一刻！！！</span></p><p style="margin-top: 0px; margin-bottom: 0px; padding: 0px; clear: both; text-align: center;"><br/></p><p style="margin-top: 0px; margin-bottom: 0px; padding: 0px; clear: both; text-align: center;"><br/></p><p style="margin-top: 0px; margin-bottom: 0px; padding: 0px; clear: both; text-align: center;"><strong style="margin: 0px; padding: 0px;">这个世界已经无爱了~~~</strong></p><p style="margin-top: 0px; margin-bottom: 0px; padding: 0px; clear: both; text-align: center;"><br/></p></section></section></section><section class="_135editor" data-tools="135编辑器" data-id="86031" style="margin: 0px; padding: 0px; border-width: 0px; border-style: none; border-color: initial; box-sizing: border-box;"><p style="margin-top: 0px; margin-bottom: 0px; padding: 0px; clear: both; text-align: center;"><br/></p></section><p style="margin-top: 0px; margin-bottom: 0px; padding: 0px; clear: both; text-align: center;"><strong style="margin: 0px; padding: 0px;"><span style="margin: 0px; padding: 0px; font-size: 20px;">噔噔噔！！！</span></strong></p><p style="margin-top: 0px; margin-bottom: 0px; padding: 0px; clear: both; text-align: center;"><span style="margin: 0px; padding: 0px; font-size: 20px;"><strong style="margin: 0px; padding: 0px;">我没死~哈哈哈~~~~</strong></span></p><p style="margin-top: 0px; margin-bottom: 0px; padding: 0px; clear: both; text-align: center;"><span style="margin: 0px; padding: 0px; font-size: 20px;"><strong style="margin: 0px; padding: 0px;">~~~~</strong></span></p><p style="margin-top: 0px; margin-bottom: 0px; padding: 0px; clear: both; text-align: center;"><span style="margin: 0px; padding: 0px; font-size: 20px;"><strong style="margin: 0px; padding: 0px;">~~~~~~</strong></span></p><p style="margin-top: 0px; margin-bottom: 0px; padding: 0px; clear: both; text-align: center;"><strong style="margin: 0px; padding: 0px;">好吧，这个我承认好好笑~重来重来！</strong></p><section class="_135editor" data-tools="135编辑器" data-id="88745" style="margin: 0px; padding: 0px; border-width: 0px; border-style: none; border-color: initial; box-sizing: border-box;"><section style="margin: 0px; padding: 0px; text-align: center;"><br/></section></section><section data-role="paragraph" class="_135editor" style="margin: 0px; padding: 0px; border-width: 0px; border-style: none; border-color: initial; box-sizing: border-box;"><p style="margin-top: 0px; margin-bottom: 0px; padding: 0px; clear: both;"><br style="margin: 0px; padding: 0px;"/></p></section><section class="_135editor" style="margin: 0px; padding: 0px; color: rgb(62, 62, 62); border-width: 0px; border-style: none; border-color: initial; box-sizing: border-box;"><section class="" style="margin: 0px; padding: 0px;"><section class="" style="margin: 0px; padding: 0px 5px 0px 0px; display: inline-block; vertical-align: top; width: 83.0938px; box-sizing: border-box;"><section class="_135editor" style="margin: 0px; padding: 0px; border-width: 0px; border-style: none; border-color: initial; box-sizing: border-box;"><section class="" style="margin: 10px 0px; padding: 0px; text-align: center;"><br/></section></section></section><section class="" style="margin: 0px; padding: 0px; display: inline-block; vertical-align: top; width: 389.781px;"><section class="_135editor" style="margin: 0px; padding: 0px; border-width: 0px; border-style: none; border-color: initial; box-sizing: border-box;"><section class="" style="margin: 10px 0px 0px; padding: 0px;"><section class="" style="margin: 0px; padding: 0px; text-align: center; font-size: 14px; color: rgb(89, 89, 89); line-height: 1.4;"><p style="margin-top: 0px; margin-bottom: 0px; padding: 0px; clear: both;"><strong style="margin: 0px; padding: 0px;">寒假过去了10几天</strong></p><p style="margin-top: 0px; margin-bottom: 0px; padding: 0px; clear: both;"><strong style="margin: 0px; padding: 0px;">小联就在家里躺成了咸鱼</strong></p><p style="margin-top: 0px; margin-bottom: 0px; padding: 0px; clear: both;"><strong style="margin: 0px; padding: 0px;">一放假</strong></p><p style="margin-top: 0px; margin-bottom: 0px; padding: 0px; clear: both;"><strong style="margin: 0px; padding: 0px;">就开始了颓废的生活</strong></p><p style="margin-top: 0px; margin-bottom: 0px; padding: 0px; clear: both;"><strong style="margin: 0px; padding: 0px;">每天睡到</strong><span style="margin: 0px; padding: 0px; text-decoration-line: line-through;"><strong style="margin: 0px; padding: 0px;">自然</strong></span><strong style="margin: 0px; padding: 0px;">中午起</strong></p><p style="margin-top: 0px; margin-bottom: 0px; padding: 0px; clear: both;"><br style="margin: 0px; padding: 0px;"/></p></section></section></section></section><section class="" style="margin: 0px; padding: 0px 0px 0px 5px; display: inline-block; vertical-align: top; width: 83.0938px; box-sizing: border-box;"><section class="_135editor" style="margin: 0px; padding: 0px; border-width: 0px; border-style: none; border-color: initial; box-sizing: border-box;"><section class="" style="margin: 10px 0px; padding: 0px; text-align: center;"><br/></section></section></section></section></section><p style="margin-top: 0px; margin-bottom: 0px; padding: 0px; clear: both;"><br style="margin: 0px; padding: 0px;"/></p><section class="_135editor" style="margin: 0px; padding: 0px; color: rgb(62, 62, 62); border-width: 0px; border-style: none; border-color: initial; box-sizing: border-box;"><section class="" style="margin: 0px; padding: 0px;"><section class="" style="margin: 0px; padding: 0px;"><p style="margin-top: 0px; margin-bottom: 0px; padding: 0px; clear: both;"><br style="margin: 0px; padding: 0px;"/></p></section></section></section><section class="_135editor" style="margin: 0px; padding: 0px; color: rgb(62, 62, 62); border-width: 0px; border-style: none; border-color: initial; box-sizing: border-box;"><section class="" style="margin: 10px 0px; padding: 0px; text-align: center;"></section></section><section class="_135editor" style="margin: 0px; padding: 0px; color: rgb(62, 62, 62); border-width: 0px; border-style: none; border-color: initial; box-sizing: border-box;"><section class="" style="margin: 0px; padding: 0px;"><section class="" style="margin: 0px; padding: 0px;"><p style="margin-top: 0px; margin-bottom: 0px; padding: 0px; clear: both;"><br style="margin: 0px; padding: 0px;"/></p></section></section></section><section class="_135editor" style="margin: 0px; padding: 0px; color: rgb(62, 62, 62); border-width: 0px; border-style: none; border-color: initial; box-sizing: border-box;"><section class="" style="margin: 0px; padding: 0px;"><section class="" style="margin: 0px; padding: 0px; color: rgb(28, 29, 31);"><p style="margin-top: 0px; margin-bottom: 0px; padding: 0px; clear: both; text-align: center;">不行！我不能再这样下去了</p></section></section></section><section class="_135editor" style="margin: 0px; padding: 0px; color: rgb(62, 62, 62); border-width: 0px; border-style: none; border-color: initial; box-sizing: border-box;"><section class="" style="margin: 0px; padding: 0px;"><section class="" style="margin: 0px; padding: 0px;"><p style="margin-top: 0px; margin-bottom: 0px; padding: 0px; clear: both;"><br style="margin: 0px; padding: 0px;"/></p></section></section></section><section class="_135editor" style="margin: 0px; padding: 0px; color: rgb(62, 62, 62); border-width: 0px; border-style: none; border-color: initial; box-sizing: border-box;"><section class="" style="margin: 0px; padding: 0px;"><section class="" style="margin: 0px; padding: 0px; font-size: 14px; color: rgb(89, 89, 89);"><p style="margin-top: 0px; margin-bottom: 0px; padding: 0px; clear: both; text-align: center;">我发4，我明天一定要早起背单词</p><p style="margin-top: 0px; margin-bottom: 0px; padding: 0px; clear: both; text-align: center;">我发4，我明天一定要早起跑步</p><p style="margin-top: 0px; margin-bottom: 0px; padding: 0px; clear: both; text-align: center;">我发4，我明天一定要早起<span style="margin: 0px; padding: 0px; text-decoration-line: line-through;">追剧</span>看书</p><p style="margin-top: 0px; margin-bottom: 0px; padding: 0px; clear: both; text-align: center;"><br style="margin: 0px; padding: 0px;"/></p><p style="margin-top: 0px; margin-bottom: 0px; padding: 0px; clear: both; text-align: center;"><span style="margin: 0px; padding: 0px; color: rgb(28, 29, 31); font-size: 16px;">然而......现实是</span></p></section></section></section><section class="_135editor" style="margin: 0px; padding: 0px; color: rgb(62, 62, 62); border-width: 0px; border-style: none; border-color: initial; box-sizing: border-box;"><section class="" style="margin: 0px; padding: 0px;"><section class="" style="margin: 0px; padding: 0px;"><p style="margin-top: 0px; margin-bottom: 0px; padding: 0px; clear: both;"><br style="margin: 0px; padding: 0px;"/></p></section></section></section><section class="_135editor" style="margin: 0px; padding: 0px; color: rgb(62, 62, 62); border-width: 0px; border-style: none; border-color: initial; box-sizing: border-box;"><section class="" style="margin: 10px 0px; padding: 0px; text-align: center;"><br/></section></section><section class="_135editor" style="margin: 0px; padding: 0px; color: rgb(62, 62, 62); border-width: 0px; border-style: none; border-color: initial; box-sizing: border-box;"><section class="" style="margin: 10px 0px; padding: 0px; text-align: center;"><br/></section></section><section class="_135editor" style="margin: 0px; padding: 0px; color: rgb(62, 62, 62); border-width: 0px; border-style: none; border-color: initial; box-sizing: border-box;"><section class="" style="margin: 0px; padding: 0px;"><section class="" style="margin: 0px; padding: 0px;"><p style="margin-top: 0px; margin-bottom: 0px; padding: 0px; clear: both;"><br style="margin: 0px; padding: 0px;"/></p></section></section></section><section class="_135editor" style="margin: 0px; padding: 0px; color: rgb(62, 62, 62); border-width: 0px; border-style: none; border-color: initial; box-sizing: border-box;"><section class="" style="margin: 0px; padding: 0px;"><section class="" style="margin: 0px; padding: 0px; text-align: center; font-size: 14px; color: rgb(89, 89, 89);"><p style="margin-top: 0px; margin-bottom: 0px; padding: 0px; clear: both;">都说“一天之计在于晨”</p><p style="margin-top: 0px; margin-bottom: 0px; padding: 0px; clear: both;">所以早晨是这一天里最重要的时候</p><p style="margin-top: 0px; margin-bottom: 0px; padding: 0px; clear: both;">可我们却天天<span style="margin: 0px; padding: 0px; color: rgb(139, 0, 0);">睡到大中午</span></p><p style="margin-top: 0px; margin-bottom: 0px; padding: 0px; clear: both;">这怎么能行呢！</p></section></section></section><section class="_135editor" style="margin: 0px; padding: 0px; color: rgb(62, 62, 62); border-width: 0px; border-style: none; border-color: initial; box-sizing: border-box;"><section class="" style="margin: 0px; padding: 0px;"><section class="" style="margin: 0px; padding: 0px;"><p style="margin-top: 0px; margin-bottom: 0px; padding: 0px; clear: both;"><br style="margin: 0px; padding: 0px;"/></p></section></section></section><section class="_135editor" style="margin: 0px; padding: 0px; color: rgb(62, 62, 62); border-width: 0px; border-style: none; border-color: initial; box-sizing: border-box;"><section class="" style="margin: 0px; padding: 0px;"><section class="" style="margin: 0px; padding: 0px;"><p style="margin-top: 0px; margin-bottom: 0px; padding: 0px; clear: both; text-align: center;"><span style="margin: 0px; padding: 0px; font-size: 12px; color: rgb(165, 165, 165);">我是早起打卡的分割线</span><br style="margin: 0px; padding: 0px;"/></p></section></section></section><section class="_135editor" style="margin: 0px; padding: 0px; color: rgb(62, 62, 62); border-width: 0px; border-style: none; border-color: initial; box-sizing: border-box;"><section class="" style="margin: 20px 0px; padding: 0px;"><section class="" style="margin: 0px; padding: 0px; display: inline-block; vertical-align: top; width: 105.859px; line-height: 1.3;"><section class="_135editor" style="margin: 0px; padding: 0px; border-width: 0px; border-style: none; border-color: initial; box-sizing: border-box;"><section class="" style="margin: 10px 0px; padding: 0px; text-align: center; font-size: 20.8px;"><section class="" style="margin: 0px; padding: 5px; width: 3em; height: 3em; display: inline-block; vertical-align: bottom; border-radius: 100%; box-shadow: rgb(160, 160, 160) 0px 0px 10px; background-color: rgb(254, 255, 255); box-sizing: border-box;"><section class="" style="margin: 0px; padding: 0px; width: 52.3906px; height: 52.3906px; border-radius: 100%; background-image: url(&quot;https://mmbiz.qlogo.cn/mmbiz_png/bYPzzSB6o7Ft0BCJ0ibgTNz5aYZSXeibOHic036TQVACTZ9fic3IXteRoANKibyZjKxubRVlhLXWlEAPGLBUvoXHv7A/0?wx_fmt=png&quot;); background-size: cover; background-position: 50% 50%; background-repeat: no-repeat; box-sizing: border-box;"><section class="" style="margin: 0px; padding: 0px; width: 52.3906px; height: 52.3906px; overflow: hidden;"><img class="" data-ratio="0.9242424242424242" src="https://mmbiz.qlogo.cn/mmbiz_png/bYPzzSB6o7Ft0BCJ0ibgTNz5aYZSXeibOHic036TQVACTZ9fic3IXteRoANKibyZjKxubRVlhLXWlEAPGLBUvoXHv7A/640?" data-type="png" data-w="132" width="100%" style="margin: 0px; padding: 0px; max-width: 100%; height: auto !important; opacity: 0; width: 52.3906px; visibility: visible !important;"/></section></section></section></section></section></section><section class="" style="margin: 0px; padding: 0px; display: inline-block; vertical-align: top; width: 133.359px;"><section class="_135editor" style="margin: 0px; padding: 0px; border-width: 0px; border-style: none; border-color: initial; box-sizing: border-box;"><section class="" style="margin: 28px 0px 8px; padding: 0px;"><section class="" style="margin: 0px; padding: 0px; width: 0px; display: inline-block; vertical-align: middle; border-right: 1em solid transparent; box-sizing: border-box; border-top: 0.5em solid transparent !important; border-bottom: 0.5em solid transparent !important;"></section><section class="" style="margin: 0px -1.1em 0px -0.9em; padding: 0px; width: 160.797px; border-bottom: 2px dotted rgba(63, 63, 63, 0.4); display: inline-block; vertical-align: middle; box-sizing: border-box;"></section></section></section></section><section class="" style="margin: 0px; padding: 0px; display: inline-block; vertical-align: top; width: 77.5156px;"><section class="_135editor" style="margin: 0px; padding: 0px; border-width: 0px; border-style: none; border-color: initial; box-sizing: border-box;"><section class="" style="margin: 20px 0px 10px; padding: 0px; text-align: center; font-size: 14.4px;"><section class="" style="margin: 0px; padding: 5px; width: 3em; height: 3em; display: inline-block; vertical-align: bottom; border-radius: 100%; box-shadow: transparent 0px 0px 10px; background-color: rgb(254, 255, 255); box-sizing: border-box;"><section class="__bg_gif" data-order="0" style="margin: 0px; padding: 0px; width: 33.1875px; height: 33.1875px; border-radius: 100%; background-image: url(&quot;https://mmbiz.qlogo.cn/mmbiz_gif/bYPzzSB6o7Ft0BCJ0ibgTNz5aYZSXeibOH8eVvPWS7icbdERlpFEQXmnB1h4OSSVfyDcy256lWtkt44HOSpn57wMg/s640?&quot;); background-size: cover; background-position: 50% 50%; background-repeat: no-repeat; box-sizing: border-box;"><section class="" style="margin: 0px; padding: 0px; width: 33.1875px; height: 33.1875px; overflow: hidden;"><img class="__bg_gif" data-ratio="0.9" src="https://mmbiz.qlogo.cn/mmbiz_gif/bYPzzSB6o7Ft0BCJ0ibgTNz5aYZSXeibOH8eVvPWS7icbdERlpFEQXmnB1h4OSSVfyDcy256lWtkt44HOSpn57wMg/0?" data-type="gif" data-w="280" width="100%" style="margin: 0px; padding: 0px; max-width: 100%; height: auto !important; opacity: 0; width: 33.1875px; visibility: visible !important;"/></section></section></section></section></section></section><section class="" style="margin: 0px; padding: 0px; display: inline-block; vertical-align: top; width: 133.359px;"><section class="_135editor" style="margin: 0px; padding: 0px; border-width: 0px; border-style: none; border-color: initial; box-sizing: border-box;"><section class="" style="margin: 28px 0px 8px; padding: 0px;"><section class="" style="margin: 0px; padding: 0px; width: 0px; display: inline-block; vertical-align: middle; border-right: 1em solid transparent; box-sizing: border-box; border-top: 0.5em solid transparent !important; border-bottom: 0.5em solid transparent !important;"></section><section class="" style="margin: 0px -1.1em 0px -0.9em; padding: 0px; width: 160.797px; border-bottom: 2px dotted rgba(63, 63, 63, 0.4); display: inline-block; vertical-align: middle; box-sizing: border-box;"></section></section></section></section><section class="" style="margin: 0px; padding: 0px; display: inline-block; vertical-align: top; width: 105.859px;"><section class="_135editor" style="margin: 0px; padding: 0px; border-width: 0px; border-style: none; border-color: initial; box-sizing: border-box;"><section class="" style="margin: 10px 0px; padding: 0px; text-align: center; font-size: 20.8px;"><section class="" style="margin: 0px; padding: 5px; width: 3em; height: 3em; display: inline-block; vertical-align: bottom; border-radius: 100%; box-shadow: rgb(160, 160, 160) 0px 0px 10px; background-color: rgb(254, 255, 255); box-sizing: border-box;"><section class="" style="margin: 0px; padding: 0px; width: 52.3906px; height: 52.3906px; border-radius: 100%; background-image: url(&quot;https://mmbiz.qlogo.cn/mmbiz_png/bYPzzSB6o7Ft0BCJ0ibgTNz5aYZSXeibOHwv6fOzQicickoCfjagzCPH28VgEibhib4gIIJ8khkzmIBxXQ3OrOG9JLWg/0?wx_fmt=png&quot;); background-size: cover; background-position: 50% 50%; background-repeat: no-repeat; box-sizing: border-box;"><section class="" style="margin: 0px; padding: 0px; width: 52.3906px; height: 52.3906px; overflow: hidden;"><img class="" data-ratio="1.006578947368421" src="https://mmbiz.qlogo.cn/mmbiz_png/bYPzzSB6o7Ft0BCJ0ibgTNz5aYZSXeibOHwv6fOzQicickoCfjagzCPH28VgEibhib4gIIJ8khkzmIBxXQ3OrOG9JLWg/640?" data-type="png" data-w="152" width="100%" style="margin: 0px; padding: 0px; max-width: 100%; height: auto !important; opacity: 0; width: 52.3906px; visibility: visible !important;"/></section></section></section></section></section></section></section></section><section class="_135editor" style="margin: 0px; padding: 0px; color: rgb(62, 62, 62); border-width: 0px; border-style: none; border-color: initial; box-sizing: border-box;"><section class="" style="margin: 0px; padding: 0px;"><section class="" style="margin: 0px; padding: 0px; font-size: 14px; color: rgb(89, 89, 89);"><p style="margin-top: 0px; margin-bottom: 0px; padding: 0px; clear: both; text-align: center;">还好，为了督促同学们早起</p><p style="margin-top: 0px; margin-bottom: 0px; padding: 0px; clear: both; text-align: center;">过一个充满活力的寒假</p><p style="margin-top: 0px; margin-bottom: 0px; padding: 0px; clear: both; text-align: center;">正能量满满的南邮通达社联官方微信<br style="margin: 0px; padding: 0px;"/></p><p style="margin-top: 0px; margin-bottom: 0px; padding: 0px; clear: both; text-align: center;">准备搞事情咯</p><p style="margin-top: 0px; margin-bottom: 0px; padding: 0px; clear: both; text-align: center;">我们现已加入“<span style="margin: 0px; padding: 0px; color: rgb(28, 29, 31);"><strong style="margin: 0px; padding: 0px;">全国百所高校寒假早起计划</strong></span>”</p><p style="margin-top: 0px; margin-bottom: 0px; padding: 0px; clear: both; text-align: center;"><strong style="margin: 0px; padding: 0px;">推出</strong><span style="margin: 0px; padding: 0px; color: rgb(139, 0, 0);"><strong style="margin: 0px; padding: 0px;"><span style="margin: 0px; padding: 0px; font-size: 21px;">早起打卡<span style="margin: 0px; padding: 0px; font-size: 14px; color: rgb(89, 89, 89);">活动</span></span></strong></span></p></section></section></section><section data-id="701" class="_135editor" style="margin: 0px; padding: 0px; border-width: 0px; border-style: none; border-color: initial; box-sizing: border-box;"><section data-id="16401" class="_135editor" style="margin: 0px; padding: 0px; border-width: 0px; border-style: none; border-color: initial; box-sizing: border-box;"><br/></section></section><p style="margin-top: 0px; margin-bottom: 0px; padding: 0px; clear: both;"><br/></p><section data-id="16401" class="_135editor" style="margin: 0px; padding: 0px; border-width: 0px; border-style: none; border-color: initial; box-sizing: border-box;"><br/></section><p style="margin-top: 0px; margin-bottom: 0px; padding: 0px; clear: both; line-height: 2em; text-align: center;"><br/></p><p style="margin-top: 0px; margin-bottom: 0px; padding: 0px; clear: both; max-width: 100%; min-height: 1em; color: rgb(62, 62, 62); background-color: rgb(255, 255, 255); line-height: 25.6px; text-align: center; box-sizing: border-box !important; word-wrap: break-word !important;"><strong style="margin: 0px; padding: 0px; max-width: 100%; box-sizing: border-box !important; word-wrap: break-word !important;">本期编辑：沈承亮</strong></p><p style="margin-top: 0px; margin-bottom: 0px; padding: 0px; clear: both; max-width: 100%; min-height: 1em; color: rgb(62, 62, 62); background-color: rgb(255, 255, 255); line-height: 25.6px; text-align: center; box-sizing: border-box !important; word-wrap: break-word !important;"><strong style="margin: 0px; padding: 0px; max-width: 100%; line-height: 25.6px; box-sizing: border-box !important; word-wrap: break-word !important;">本期审核：新闻信息部</strong></p></section>', '/activity\\20170502\\374a318f6bd543b555922bad459fcb4b.jpg', '', '你家的床', NULL, '2', ''),
(2, 7, 0, '魔方', '2017-04-09 ', '2017-04-09 ', 1493707998, '2017年4月9号，在瘦西湖风景区万花园，举办了烟花三月国际魔方交流赛，并取得圆满成功！', '<p style="margin-top: 0px; margin-bottom: 0px; white-space: normal; padding: 0px; clear: both; font-family: 微软雅黑;">培养学生对魔方的兴趣，喜欢魔方，了解魔方的各个组成部分，掌握七步法恢复魔方六面，来锻炼大脑的记忆能力，观察能力，反应能力，手的灵活能，双手协调能力，考验智力，毅力，提高自信力，开发右脑。</p><p style="margin-top: 0px; margin-bottom: 0px; white-space: normal; padding: 0px; clear: both; font-family: 微软雅黑;"><span style="margin: 0px; padding: 0px; color: rgb(63, 63, 63);"><strong style="margin: 0px; padding: 0px;"><strong style="margin: 0px; padding: 0px; line-height: 1.6;"><br/></strong></strong></span></p><p style="margin-top: 0px; margin-bottom: 0px; white-space: normal; padding: 0px; clear: both; font-family: 微软雅黑;"><br/></p><p style="margin-top: 0px; margin-bottom: 0px; white-space: normal; padding: 0px; clear: both; font-family: 微软雅黑;"><span style="margin: 0px; padding: 0px; color: rgb(63, 63, 63);"><strong style="margin: 0px; padding: 0px;"><strong style="margin: 0px; padding: 0px; line-height: 1.6;">&nbsp;&nbsp;&nbsp;&nbsp;&nbsp;&nbsp;&nbsp;&nbsp;&nbsp;&nbsp;&nbsp;&nbsp;&nbsp;&nbsp;&nbsp;&nbsp;&nbsp;&nbsp;&nbsp;&nbsp;&nbsp;&nbsp;&nbsp;&nbsp;&nbsp;&nbsp;&nbsp;&nbsp;&nbsp;&nbsp;&nbsp;&nbsp;&nbsp;&nbsp;&nbsp;&nbsp;&nbsp;&nbsp;&nbsp;&nbsp;&nbsp;&nbsp;&nbsp;&nbsp;&nbsp;&nbsp;&nbsp;&nbsp;&nbsp;&nbsp;&nbsp;&nbsp;&nbsp;&nbsp;&nbsp;&nbsp;&nbsp;&nbsp;&nbsp;&nbsp;&nbsp;&nbsp;&nbsp;&nbsp;&nbsp;&nbsp;&nbsp;&nbsp;&nbsp;&nbsp;&nbsp;&nbsp;&nbsp;&nbsp;&nbsp;&nbsp;&nbsp;&nbsp;&nbsp;&nbsp;&nbsp;&nbsp;&nbsp;&nbsp;&nbsp;&nbsp;&nbsp;&nbsp;&nbsp;&nbsp;&nbsp;&nbsp;&nbsp;&nbsp;&nbsp;&nbsp;本期编辑：石云</strong></strong></span></p><p style="margin-top: 0px; margin-bottom: 0px; white-space: normal; padding: 0px; font-family: 微软雅黑; text-align: center;"><span style="margin: 0px; padding: 0px; color: rgb(63, 63, 63);"><strong style="margin: 0px; padding: 0px;">&nbsp; &nbsp; &nbsp; &nbsp; &nbsp; &nbsp; 本期审核：新闻信息部</strong></span></p><p><br/></p>', '/activity\\20170502\\76dc4d7decca0cd49d6d07e56ad0d72d.jpg', '', '瘦西湖', NULL, '0', ''),
(3, 10, 0, '篮球杯', '2017-03-02 ', '2017-03-04 ', 1493708287, '都说男生打篮球是最好撩妹的一种方式，还是单身的你们要不要来试试呢。心动不如行动！！', '<section class="" data-tools="135编辑器" data-id="88946" style="margin: 0px; padding: 0px; max-width: 100%; box-sizing: border-box; color: rgb(62, 62, 62); font-family: 微软雅黑; white-space: normal; background-color: rgb(255, 255, 255); border: 0px none; word-wrap: break-word !important;"><section style="margin: 0px; padding: 0px; max-width: 100%; box-sizing: border-box !important; word-wrap: break-word !important;"><section style="margin: -20px 0px 0em 1.5em; padding: 0px; max-width: 100%; box-sizing: border-box; word-wrap: break-word !important; float: left; border-radius: 1em; font-size: 1.2em; font-weight: inherit; text-decoration: inherit; border-bottom: 1px dotted rgb(0, 0, 0);"><span style="margin: 0px 0px 0px 5px; padding: 3px 10px 3px 0.7em; max-width: 100%; box-sizing: border-box !important; word-wrap: break-word !important; float: left; display: inline-block; vertical-align: top; color: rgb(50, 50, 50); font-size: 15px;"><section style="margin: 0px; padding: 0px; max-width: 100%; box-sizing: border-box !important; word-wrap: break-word !important;"><span style="margin: 0px; padding: 0px; max-width: 100%; box-sizing: border-box !important; word-wrap: break-word !important; font-size: 18px;">　<span style="margin: 0px; padding: 0px; max-width: 100%; box-sizing: border-box !important; word-wrap: break-word !important; color: rgb(12, 12, 12); text-shadow: rgb(217, 150, 148) 2px 2px 10px;"><strong style="margin: 0px; padding: 0px; max-width: 100%; box-sizing: border-box !important; word-wrap: break-word !important;">学院杯篮球赛</strong></span>　</span></section></span></section><section style="margin: 0px; padding: 0px; max-width: 100%; box-sizing: border-box; word-wrap: break-word !important; border: 0px none;"><section style="margin: 0px 0px 0px 27px; padding: 15px 10px 0px 15px; max-width: 100%; box-sizing: border-box; word-wrap: break-word !important; color: inherit; border-left: 1px dotted rgb(0, 0, 0);"><section class="" style="margin: 0px; padding: 0px 0px 10px; max-width: 100%; box-sizing: border-box; word-wrap: break-word !important; color: inherit;"><p style="margin-top: 0px; margin-bottom: 0px; padding: 0px; max-width: 100%; clear: both; min-height: 1em; line-height: 2em; color: inherit; text-align: center; box-sizing: border-box !important; word-wrap: break-word !important;"><span style="margin: 0px; padding: 0px; max-width: 100%; box-sizing: border-box !important; word-wrap: break-word !important;"><strong style="margin: 0px; padding: 0px; max-width: 100%; box-sizing: border-box !important; word-wrap: break-word !important;"><span style="margin: 0px; padding: 0px; max-width: 100%; box-sizing: border-box !important; word-wrap: break-word !important; color: rgb(31, 73, 125); text-shadow: rgb(217, 150, 148) 2px 2px 10px;">都说男生打篮球是最好撩妹的一种方式，还是单身的你们要不要来试试呢。而已经不是单身的你，想不想给爱你的她留下一个帅气的身影呢。心动不如行动！！</span></strong><strong style="margin: 0px; padding: 0px; max-width: 100%; box-sizing: border-box !important; word-wrap: break-word !important;"><span style="margin: 0px; padding: 0px; max-width: 100%; box-sizing: border-box !important; word-wrap: break-word !important; color: rgb(31, 73, 125); text-shadow: rgb(217, 150, 148) 2px 2px 10px;"></span></strong></span></p><p style="margin-top: 0px; margin-bottom: 0px; padding: 0px; max-width: 100%; clear: both; min-height: 1em; box-sizing: border-box !important; word-wrap: break-word !important;"><br/></p><p style="margin-top: 0px; margin-bottom: 0px; padding: 0px; max-width: 100%; clear: both; min-height: 1em; line-height: 2em; color: inherit; box-sizing: border-box !important; word-wrap: break-word !important;"><span style="margin: 0px; padding: 0px; max-width: 100%; box-sizing: border-box !important; word-wrap: break-word !important;"><strong style="margin: 0px; padding: 0px; max-width: 100%; box-sizing: border-box !important; word-wrap: break-word !important;"><span style="margin: 0px; padding: 0px; max-width: 100%; color: rgb(31, 73, 125); text-shadow: rgb(217, 150, 148) 2px 2px 10px; box-sizing: border-box !important; word-wrap: break-word !important;">让你心动的为之澎湃的是他还是他？</span></strong></span></p><p style="margin-top: 0px; margin-bottom: 0px; padding: 0px; max-width: 100%; clear: both; min-height: 1em; line-height: 2em; color: inherit; text-align: center; box-sizing: border-box !important; word-wrap: break-word !important;"><span style="margin: 0px; padding: 0px; max-width: 100%; color: rgb(255, 0, 0); box-sizing: border-box !important; word-wrap: break-word !important;"><strong style="margin: 0px; padding: 0px; max-width: 100%; box-sizing: border-box !important; word-wrap: break-word !important;"><span style="margin: 0px; padding: 0px; max-width: 100%; text-shadow: rgb(217, 150, 148) 2px 2px 10px; box-sizing: border-box !important; word-wrap: break-word !important;">报名时间：三月二十二日至三月二十八日</span></strong><strong style="margin: 0px; padding: 0px; max-width: 100%; box-sizing: border-box !important; word-wrap: break-word !important;"><span style="margin: 0px; padding: 0px; max-width: 100%; text-shadow: rgb(217, 150, 148) 2px 2px 10px; box-sizing: border-box !important; word-wrap: break-word !important;"></span></strong></span></p><p style="margin-top: 0px; margin-bottom: 0px; padding: 0px; max-width: 100%; clear: both; min-height: 1em; line-height: 2em; color: inherit; text-align: center; box-sizing: border-box !important; word-wrap: break-word !important;"><span style="margin: 0px; padding: 0px; max-width: 100%; color: rgb(255, 0, 0); box-sizing: border-box !important; word-wrap: break-word !important;"><strong style="margin: 0px; padding: 0px; max-width: 100%; box-sizing: border-box !important; word-wrap: break-word !important;"><span style="margin: 0px; padding: 0px; max-width: 100%; text-shadow: rgb(217, 150, 148) 2px 2px 10px; box-sizing: border-box !important; word-wrap: break-word !important;">人员筛选：三月二十九日</span></strong><strong style="margin: 0px; padding: 0px; max-width: 100%; box-sizing: border-box !important; word-wrap: break-word !important;"><span style="margin: 0px; padding: 0px; max-width: 100%; text-shadow: rgb(217, 150, 148) 2px 2px 10px; box-sizing: border-box !important; word-wrap: break-word !important;"></span></strong></span></p><p style="margin-top: 0px; margin-bottom: 0px; padding: 0px; max-width: 100%; clear: both; min-height: 1em; line-height: 2em; color: inherit; text-align: center; box-sizing: border-box !important; word-wrap: break-word !important;"><span style="margin: 0px; padding: 0px; max-width: 100%; color: rgb(255, 0, 0); box-sizing: border-box !important; word-wrap: break-word !important;"><strong style="margin: 0px; padding: 0px; max-width: 100%; box-sizing: border-box !important; word-wrap: break-word !important;"><span style="margin: 0px; padding: 0px; max-width: 100%; text-shadow: rgb(217, 150, 148) 2px 2px 10px; box-sizing: border-box !important; word-wrap: break-word !important;">正式比赛：四月五日<br style="margin: 0px; padding: 0px; max-width: 100%; box-sizing: border-box !important; word-wrap: break-word !important;"/></span></strong><strong style="margin: 0px; padding: 0px; max-width: 100%; box-sizing: border-box !important; word-wrap: break-word !important;"><span style="margin: 0px; padding: 0px; max-width: 100%; text-shadow: rgb(217, 150, 148) 2px 2px 10px; box-sizing: border-box !important; word-wrap: break-word !important;"></span></strong></span></p><p style="margin-top: 0px; margin-bottom: 0px; padding: 0px; max-width: 100%; clear: both; min-height: 1em; line-height: 2em; color: inherit; text-align: center; box-sizing: border-box !important; word-wrap: break-word !important;"><span style="margin: 0px; padding: 0px; max-width: 100%; color: rgb(255, 0, 0); box-sizing: border-box !important; word-wrap: break-word !important;"><strong style="margin: 0px; padding: 0px; max-width: 100%; box-sizing: border-box !important; word-wrap: break-word !important;"><span style="margin: 0px; padding: 0px; max-width: 100%; text-shadow: rgb(217, 150, 148) 2px 2px 10px; box-sizing: border-box !important; word-wrap: break-word !important;">半决赛：四月二十日至四月二十二日&nbsp;</span></strong></span></p><p style="margin-top: 0px; margin-bottom: 0px; padding: 0px; max-width: 100%; clear: both; min-height: 1em; line-height: 2em; color: inherit; text-align: center; box-sizing: border-box !important; word-wrap: break-word !important;"><strong style="margin: 0px; padding: 0px; max-width: 100%; box-sizing: border-box !important; word-wrap: break-word !important; color: rgb(255, 0, 0); font-size: 15px; line-height: 2em;"><span style="margin: 0px; padding: 0px; max-width: 100%; box-sizing: border-box !important; word-wrap: break-word !important; font-size: 16px; text-shadow: rgb(217, 150, 148) 2px 2px 10px;">决赛：四月二十九日</span></strong></p><p style="margin-top: 0px; margin-bottom: 0px; padding: 0px; max-width: 100%; clear: both; min-height: 1em; line-height: 2em; color: inherit; box-sizing: border-box !important; word-wrap: break-word !important;"><br style="margin: 0px; padding: 0px; max-width: 100%; box-sizing: border-box !important; word-wrap: break-word !important;"/></p><p style="margin-top: 0px; margin-bottom: 0px; padding: 0px; max-width: 100%; clear: both; min-height: 1em; line-height: 2em; color: inherit; box-sizing: border-box !important; word-wrap: break-word !important;"><span style="margin: 0px; padding: 0px; max-width: 100%; color: rgb(31, 73, 125); text-shadow: rgb(217, 150, 148) 2px 2px 10px; box-sizing: border-box !important; word-wrap: break-word !important;"><strong style="margin: 0px; padding: 0px; max-width: 100%; box-sizing: border-box !important; word-wrap: break-word !important;">给你的她（他）留下你的身影吧，让她成为你的小迷妹。</strong></span></p></section></section></section></section></section><p><br/></p><p style="margin-top: 0px; margin-bottom: 0px; padding: 0px; clear: both; font-family: 微软雅黑; white-space: normal; color: rgb(62, 62, 62); text-align: center; overflow-wrap: break-word !important;"><span style="margin: 0px; padding: 0px;"><strong style="margin: 0px; padding: 0px;"><span style="margin: 0px; padding: 0px; color: rgb(0, 0, 0); overflow-wrap: break-word !important;">社团联合会</span></strong></span></p><p style="margin-top: 0px; margin-bottom: 0px; padding: 0px; clear: both; font-family: 微软雅黑; white-space: normal; color: rgb(62, 62, 62); overflow-wrap: break-word !important;"><br style="margin: 0px; padding: 0px;"/></p><p style="margin-top: 0px; margin-bottom: 0px; padding: 0px; clear: both; font-family: 微软雅黑; white-space: normal; color: rgb(62, 62, 62); text-align: center; overflow-wrap: break-word !important;"><span style="margin: 0px; padding: 0px;"><strong style="margin: 0px; padding: 0px;"><span style="margin: 0px; padding: 0px; font-size: 15px; color: rgb(0, 0, 0); overflow-wrap: break-word !important;">是带领全校社团进行社团活动的组织</span></strong></span></p><p style="margin-top: 0px; margin-bottom: 0px; padding: 0px; clear: both; font-family: 微软雅黑; white-space: normal; color: rgb(62, 62, 62); overflow-wrap: break-word !important;"><br style="margin: 0px; padding: 0px;"/></p><p style="margin-top: 0px; margin-bottom: 0px; padding: 0px; clear: both; font-family: 微软雅黑; white-space: normal; color: rgb(62, 62, 62); text-align: center; overflow-wrap: break-word !important;"><span style="margin: 0px; padding: 0px;"><strong style="margin: 0px; padding: 0px;"><span style="margin: 0px; padding: 0px; font-size: 15px; color: rgb(0, 0, 0); overflow-wrap: break-word !important;">四年</span></strong></span></p><p style="margin-top: 0px; margin-bottom: 0px; padding: 0px; clear: both; font-family: 微软雅黑; white-space: normal; color: rgb(62, 62, 62); overflow-wrap: break-word !important;"><br style="margin: 0px; padding: 0px;"/></p><p style="margin-top: 0px; margin-bottom: 0px; padding: 0px; clear: both; font-family: 微软雅黑; white-space: normal; color: rgb(62, 62, 62); text-align: center; overflow-wrap: break-word !important;"><span style="margin: 0px; padding: 0px;"><strong style="margin: 0px; padding: 0px;"><span style="margin: 0px; padding: 0px; font-size: 15px; color: rgb(0, 0, 0); overflow-wrap: break-word !important;">通达的每一个社团</span></strong></span></p><p style="margin-top: 0px; margin-bottom: 0px; padding: 0px; clear: both; font-family: 微软雅黑; white-space: normal; color: rgb(62, 62, 62); overflow-wrap: break-word !important;"><br style="margin: 0px; padding: 0px;"/></p><p style="margin-top: 0px; margin-bottom: 0px; padding: 0px; clear: both; font-family: 微软雅黑; white-space: normal; color: rgb(62, 62, 62); text-align: center; overflow-wrap: break-word !important;"><span style="margin: 0px; padding: 0px;"><strong style="margin: 0px; padding: 0px;"><span style="margin: 0px; padding: 0px; font-size: 15px; color: rgb(0, 0, 0); overflow-wrap: break-word !important;">从最初创建者心中的一粒粒小种子</span></strong></span></p><p style="margin-top: 0px; margin-bottom: 0px; padding: 0px; clear: both; font-family: 微软雅黑; white-space: normal; color: rgb(62, 62, 62); overflow-wrap: break-word !important;"><br style="margin: 0px; padding: 0px;"/></p><p style="margin-top: 0px; margin-bottom: 0px; padding: 0px; clear: both; font-family: 微软雅黑; white-space: normal; color: rgb(62, 62, 62); text-align: center; overflow-wrap: break-word !important;"><span style="margin: 0px; padding: 0px;"><strong style="margin: 0px; padding: 0px;"><span style="margin: 0px; padding: 0px; font-size: 15px; color: rgb(0, 0, 0); overflow-wrap: break-word !important;">到最终集结共同爱好者的一场场狂欢</span></strong></span></p><p style="margin-top: 0px; margin-bottom: 0px; padding: 0px; clear: both; font-family: 微软雅黑; white-space: normal; color: rgb(62, 62, 62); overflow-wrap: break-word !important;"><br style="margin: 0px; padding: 0px;"/></p><p style="margin-top: 0px; margin-bottom: 0px; padding: 0px; clear: both; font-family: 微软雅黑; white-space: normal; color: rgb(62, 62, 62); text-align: center; overflow-wrap: break-word !important;"><span style="margin: 0px; padding: 0px;"><strong style="margin: 0px; padding: 0px;"><span style="margin: 0px; padding: 0px; font-size: 15px; color: rgb(0, 0, 0); overflow-wrap: break-word !important;">铭记在社联渐渐写长的历史上</span></strong></span></p><p style="margin-top: 0px; margin-bottom: 0px; padding: 0px; clear: both; font-family: 微软雅黑; white-space: normal; color: rgb(62, 62, 62); overflow-wrap: break-word !important;"><br style="margin: 0px; padding: 0px;"/></p><p style="margin-top: 0px; margin-bottom: 0px; padding: 0px; clear: both; font-family: 微软雅黑; white-space: normal; color: rgb(62, 62, 62); text-align: center; overflow-wrap: break-word !important;"><span style="margin: 0px; padding: 0px;"><strong style="margin: 0px; padding: 0px;"><span style="margin: 0px; padding: 0px; font-size: 15px; color: rgb(0, 0, 0); overflow-wrap: break-word !important;">铭记在每一个社联人的眼睛里</span></strong></span></p><p style="margin-top: 0px; margin-bottom: 0px; padding: 0px; clear: both; font-family: 微软雅黑; white-space: normal;"><br style="margin: 0px; padding: 0px;"/></p><p style="margin-top: 0px; margin-bottom: 0px; padding: 0px; clear: both; font-family: 微软雅黑; white-space: normal;"><br style="margin: 0px; padding: 0px;"/></p><p style="margin-top: 0px; margin-bottom: 0px; padding: 0px; clear: both; font-family: 微软雅黑; white-space: normal;"><br style="margin: 0px; padding: 0px;"/></p><p style="margin-top: 0px; margin-bottom: 0px; padding: 0px; clear: both; font-family: 微软雅黑; white-space: normal; text-align: center;">&nbsp; &nbsp; &nbsp; &nbsp; &nbsp; &nbsp;<span style="margin: 0px; padding: 0px;"><strong style="margin: 0px; padding: 0px;"><span style="margin: 0px; padding: 0px; font-size: 15px;">本期编辑：石云</span></strong></span></p><p style="margin-top: 0px; margin-bottom: 0px; padding: 0px; clear: both; font-family: 微软雅黑; white-space: normal; text-align: center;"><span style="margin: 0px; padding: 0px;"><strong style="margin: 0px; padding: 0px;"><span style="margin: 0px; padding: 0px; font-size: 15px;">&nbsp; &nbsp; &nbsp; &nbsp; &nbsp; &nbsp;文字来源：社联发展部</span></strong></span></p><p style="margin-top: 0px; margin-bottom: 0px; padding: 0px; font-family: 微软雅黑; white-space: normal; text-align: center;"><span style="margin: 0px; padding: 0px;"><strong style="margin: 0px; padding: 0px;"><span style="margin: 0px; padding: 0px; font-size: 15px;">&nbsp; &nbsp; &nbsp; &nbsp; &nbsp; &nbsp;本期审核：新闻信息部</span></strong></span></p>', '/activity\\20170502\\b32cdf4665f4ac8a852829709cd5a8b3.jpg', '', '篮球场', NULL, '0', '');
INSERT INTO `faith_activity` (`activity_id`, `community_id`, `activity_listorder`, `activity_name`, `activity_starttime`, `activity_endtime`, `create_time`, `activity_abstract`, `editorValue`, `activity_image`, `activity_cehua`, `activity_location`, `activity_reason`, `activity_status`, `file`) VALUES
(4, 9, 0, '音乐节', '2017-04-05 ', '2017-04-06 ', 1493708505, '曾经的你是否有音乐梦想的，曾经的你是否也为之疯狂呢。', '<section style="margin: 0px; padding: 0px; font-family: 微软雅黑; white-space: normal;"><section style="margin: 0px; padding: 0px;"><section style="margin: 0px; padding: 0px 0px 8px; text-align: right; box-sizing: border-box;"><section style="margin: 0px; padding: 0px; text-align: left;"><span style="margin: 0px; padding: 0px; font-size: 18px; color: rgb(12, 12, 12);"><strong style="margin: 0px; padding: 0px;"><span style="margin: 0px; padding: 0px; text-shadow: rgb(217, 150, 148) 2px 2px 10px;">音乐节</span></strong></span><span style="margin: 0px; padding: 0px; font-size: 15px;"><strong style="margin: 0px; padding: 0px;"><span style="margin: 0px; padding: 0px; color: rgb(31, 73, 125); text-shadow: rgb(217, 150, 148) 2px 2px 10px;"></span></strong><br style="margin: 0px; padding: 0px;"/></span></section></section></section></section><p><br/></p><section class="135brush" style="margin: 0px; padding: 0px; font-family: 微软雅黑; white-space: normal;"><p style="margin-top: 10px; margin-bottom: 0px; padding: 0px; clear: both; text-align: center;"><span style="margin: 0px; padding: 0px; color: rgb(31, 73, 125); text-shadow: rgb(217, 150, 148) 2px 2px 10px;"><strong style="margin: 0px; padding: 0px;">曾经的你是否有音乐梦想的，曾经的你是否也为之疯狂呢。摇滚风，田园风，民谣风...在这次音乐节将会有所展示。而作为主角的你怎么能不在场呢？曾经的你是否也梦想着是这样的。</strong></span><br style="margin: 0px; padding: 0px;"/></p><p style="margin-top: 10px; margin-bottom: 0px; padding: 0px; clear: both; text-align: center;"><span style="margin: 0px; padding: 0px; color: rgb(31, 73, 125); text-shadow: rgb(217, 150, 148) 2px 2px 10px;"><strong style="margin: 0px; padding: 0px;">来通达音乐节。我们为有梦想的你提供机会，你敢来战吗？</strong></span></p><p style="margin-top: 10px; margin-bottom: 0px; padding: 0px; clear: both; text-align: center;"><span style="margin: 0px; padding: 0px; color: rgb(31, 73, 125); text-shadow: rgb(217, 150, 148) 2px 2px 10px;"><strong style="margin: 0px; padding: 0px;">本次音乐节主要由FM音乐社举办</strong></span></p><p style="margin-top: 0px; margin-bottom: 0px; padding: 0px; clear: both; text-align: center;"><span style="margin: 0px; padding: 0px; color: rgb(31, 73, 125); text-shadow: rgb(217, 150, 148) 2px 2px 10px;"><strong style="margin: 0px; padding: 0px;">音乐节的大致内容主要有，乐队的团体演奏，同学们自主合作的小型表演团队，或者是单独的演唱展示和乐器演奏战士等。主要的表演成员基本上来自FM音乐社的社员和大二大三的学长学姐助演，主要的演奏器乐基本上都会同学们自带和社团提供的乐器，如民谣吉他，电吉他，架子鼓，贝斯等乐器，大大</strong></span></p><p style="margin-top: 0px; margin-bottom: 0px; padding: 0px; clear: both; text-align: center;"><span style="margin: 0px; padding: 0px;"><span style="margin: 0px; padding: 0px; color: rgb(31, 73, 125); text-shadow: rgb(217, 150, 148) 2px 2px 10px;"><strong style="margin: 0px; padding: 0px;">丰富了音乐节的现场演奏表演形式。</strong></span><span style="margin: 0px; padding: 0px; font-size: 15px; color: rgb(31, 73, 125); text-shadow: rgb(217, 150, 148) 2px 2px 10px;"><br style="margin: 0px; padding: 0px;"/></span></span></p><p style="margin-top: 10px; margin-bottom: 0px; padding: 0px; clear: both; text-align: center;"><span style="margin: 0px; padding: 0px;"><span style="margin: 0px; padding: 0px; font-size: 15px; color: rgb(31, 73, 125); text-shadow: rgb(217, 150, 148) 2px 2px 10px;"></span><span style="margin: 0px; padding: 0px; font-size: 18px; color: rgb(31, 73, 125); text-shadow: rgb(217, 150, 148) 2px 2px 10px;"><strong style="margin: 0px; padding: 0px;">好的平台，好的团队，只差你的到来</strong></span></span><span style="margin: 0px; padding: 0px; font-size: 18px; color: rgb(31, 73, 125); text-shadow: rgb(217, 150, 148) 2px 2px 10px;"><strong style="margin: 0px; padding: 0px;">。</strong></span></p></section><p><br/></p><p style="margin-top: 0px; margin-bottom: 0px; padding: 0px; clear: both; font-family: 微软雅黑; white-space: normal; color: rgb(62, 62, 62); text-align: center; overflow-wrap: break-word !important;"><span style="margin: 0px; padding: 0px;"><strong style="margin: 0px; padding: 0px;"><span style="margin: 0px; padding: 0px; color: rgb(0, 0, 0); overflow-wrap: break-word !important;">社团联合会</span></strong></span></p><p style="margin-top: 0px; margin-bottom: 0px; padding: 0px; clear: both; font-family: 微软雅黑; white-space: normal; color: rgb(62, 62, 62); overflow-wrap: break-word !important;"><br style="margin: 0px; padding: 0px;"/></p><p style="margin-top: 0px; margin-bottom: 0px; padding: 0px; clear: both; font-family: 微软雅黑; white-space: normal; color: rgb(62, 62, 62); text-align: center; overflow-wrap: break-word !important;"><span style="margin: 0px; padding: 0px;"><strong style="margin: 0px; padding: 0px;"><span style="margin: 0px; padding: 0px; font-size: 15px; color: rgb(0, 0, 0); overflow-wrap: break-word !important;">是带领全校社团进行社团活动的组织</span></strong></span></p><p style="margin-top: 0px; margin-bottom: 0px; padding: 0px; clear: both; font-family: 微软雅黑; white-space: normal; color: rgb(62, 62, 62); overflow-wrap: break-word !important;"><br style="margin: 0px; padding: 0px;"/></p><p style="margin-top: 0px; margin-bottom: 0px; padding: 0px; clear: both; font-family: 微软雅黑; white-space: normal; color: rgb(62, 62, 62); text-align: center; overflow-wrap: break-word !important;"><span style="margin: 0px; padding: 0px;"><strong style="margin: 0px; padding: 0px;"><span style="margin: 0px; padding: 0px; font-size: 15px; color: rgb(0, 0, 0); overflow-wrap: break-word !important;">四年</span></strong></span></p><p style="margin-top: 0px; margin-bottom: 0px; padding: 0px; clear: both; font-family: 微软雅黑; white-space: normal; color: rgb(62, 62, 62); overflow-wrap: break-word !important;"><br style="margin: 0px; padding: 0px;"/></p><p style="margin-top: 0px; margin-bottom: 0px; padding: 0px; clear: both; font-family: 微软雅黑; white-space: normal; color: rgb(62, 62, 62); text-align: center; overflow-wrap: break-word !important;"><span style="margin: 0px; padding: 0px;"><strong style="margin: 0px; padding: 0px;"><span style="margin: 0px; padding: 0px; font-size: 15px; color: rgb(0, 0, 0); overflow-wrap: break-word !important;">通达的每一个社团</span></strong></span></p><p style="margin-top: 0px; margin-bottom: 0px; padding: 0px; clear: both; font-family: 微软雅黑; white-space: normal; color: rgb(62, 62, 62); overflow-wrap: break-word !important;"><br style="margin: 0px; padding: 0px;"/></p><p style="margin-top: 0px; margin-bottom: 0px; padding: 0px; clear: both; font-family: 微软雅黑; white-space: normal; color: rgb(62, 62, 62); text-align: center; overflow-wrap: break-word !important;"><span style="margin: 0px; padding: 0px;"><strong style="margin: 0px; padding: 0px;"><span style="margin: 0px; padding: 0px; font-size: 15px; color: rgb(0, 0, 0); overflow-wrap: break-word !important;">从最初创建者心中的一粒粒小种子</span></strong></span></p><p style="margin-top: 0px; margin-bottom: 0px; padding: 0px; clear: both; font-family: 微软雅黑; white-space: normal; color: rgb(62, 62, 62); overflow-wrap: break-word !important;"><br style="margin: 0px; padding: 0px;"/></p><p style="margin-top: 0px; margin-bottom: 0px; padding: 0px; clear: both; font-family: 微软雅黑; white-space: normal; color: rgb(62, 62, 62); text-align: center; overflow-wrap: break-word !important;"><span style="margin: 0px; padding: 0px;"><strong style="margin: 0px; padding: 0px;"><span style="margin: 0px; padding: 0px; font-size: 15px; color: rgb(0, 0, 0); overflow-wrap: break-word !important;">到最终集结共同爱好者的一场场狂欢</span></strong></span></p><p style="margin-top: 0px; margin-bottom: 0px; padding: 0px; clear: both; font-family: 微软雅黑; white-space: normal; color: rgb(62, 62, 62); overflow-wrap: break-word !important;"><br style="margin: 0px; padding: 0px;"/></p><p style="margin-top: 0px; margin-bottom: 0px; padding: 0px; clear: both; font-family: 微软雅黑; white-space: normal; color: rgb(62, 62, 62); text-align: center; overflow-wrap: break-word !important;"><span style="margin: 0px; padding: 0px;"><strong style="margin: 0px; padding: 0px;"><span style="margin: 0px; padding: 0px; font-size: 15px; color: rgb(0, 0, 0); overflow-wrap: break-word !important;">铭记在社联渐渐写长的历史上</span></strong></span></p><p style="margin-top: 0px; margin-bottom: 0px; padding: 0px; clear: both; font-family: 微软雅黑; white-space: normal; color: rgb(62, 62, 62); overflow-wrap: break-word !important;"><br style="margin: 0px; padding: 0px;"/></p><p style="margin-top: 0px; margin-bottom: 0px; padding: 0px; clear: both; font-family: 微软雅黑; white-space: normal; color: rgb(62, 62, 62); text-align: center; overflow-wrap: break-word !important;"><span style="margin: 0px; padding: 0px;"><strong style="margin: 0px; padding: 0px;"><span style="margin: 0px; padding: 0px; font-size: 15px; color: rgb(0, 0, 0); overflow-wrap: break-word !important;">铭记在每一个社联人的眼睛里</span></strong></span></p><p style="margin-top: 0px; margin-bottom: 0px; padding: 0px; clear: both; font-family: 微软雅黑; white-space: normal;"><br style="margin: 0px; padding: 0px;"/></p><p style="margin-top: 0px; margin-bottom: 0px; padding: 0px; clear: both; font-family: 微软雅黑; white-space: normal;"><br style="margin: 0px; padding: 0px;"/></p><p style="margin-top: 0px; margin-bottom: 0px; padding: 0px; clear: both; font-family: 微软雅黑; white-space: normal;"><br style="margin: 0px; padding: 0px;"/></p><p style="margin-top: 0px; margin-bottom: 0px; padding: 0px; clear: both; font-family: 微软雅黑; white-space: normal; text-align: center;">&nbsp; &nbsp; &nbsp; &nbsp; &nbsp; &nbsp;<span style="margin: 0px; padding: 0px;"><strong style="margin: 0px; padding: 0px;"><span style="margin: 0px; padding: 0px; font-size: 15px;">本期编辑：石云</span></strong></span></p><p style="margin-top: 0px; margin-bottom: 0px; padding: 0px; clear: both; font-family: 微软雅黑; white-space: normal; text-align: center;"><span style="margin: 0px; padding: 0px;"><strong style="margin: 0px; padding: 0px;"><span style="margin: 0px; padding: 0px; font-size: 15px;">&nbsp; &nbsp; &nbsp; &nbsp; &nbsp; &nbsp;文字来源：社联发展部</span></strong></span></p><p style="margin-top: 0px; margin-bottom: 0px; padding: 0px; font-family: 微软雅黑; white-space: normal; text-align: center;"><span style="margin: 0px; padding: 0px;"><strong style="margin: 0px; padding: 0px;"><span style="margin: 0px; padding: 0px; font-size: 15px;">&nbsp; &nbsp; &nbsp; &nbsp; &nbsp; &nbsp;本期审核：新闻信息部</span></strong></span></p>', '/activity\\20170502\\c963c9ca2ff7159021f65605ce701ac9.jpg', '', '大活', NULL, '1', ''),
(5, 1, 0, '【光棍节】小联教你如何脱单', '2016-11-01 ', '2016-11-01 ', 1493709958, '转眼间，一年一度的光棍节又来了。。快来看看小联为大家准备的攻略', '<section class="_135editor" data-tools="135编辑器" data-id="88005" style="margin: 0px; padding: 0px; font-family: 微软雅黑; white-space: normal; color: rgb(62, 62, 62); line-height: 24px; box-sizing: border-box;"><section style="margin: 0px; padding: 0px 0px 3em; text-align: center; border-width: 0px; border-style: solid; border-color: rgb(239, 112, 96); box-sizing: border-box;"><section style="margin: -10em 0px 0px; padding: 0px; box-sizing: border-box;"><section style="margin: 0px; padding: 0px; box-sizing: border-box; color: rgb(239, 112, 96);"><span style="margin: 0px; padding: 0px; color: inherit; font-size: 12px; word-wrap: break-word;">Happy single day</span></section><section border-color="rgb(9,46,105)" style="margin: 0px; padding: 3px 50px; border-bottom: 2px solid rgb(239, 112, 96); border-top: 2px solid rgb(239, 112, 96); border-right-color: rgb(239, 112, 96); border-left-color: rgb(239, 112, 96); display: inline-block; color: rgb(239, 112, 96); box-sizing: border-box; background-color: rgb(255, 255, 255);"><span style="margin: 0px; padding: 0px; font-size: 24px; font-weight: bold;">单身节不快乐</span></section><section data-width="8em" style="margin: 0px auto; padding: 0px; color: rgb(239, 112, 96); width: 8em; box-sizing: border-box;"><span style="margin: 0px; padding: 0px; font-size: 12px;">[11.11]</span></section></section></section></section><p><br/></p><section class="_135editor" data-tools="135编辑器" data-id="1" style="margin: 0px; padding: 0px; font-family: 微软雅黑; white-space: normal; box-sizing: border-box;"><section class="135brush" style="margin: 10px 0px; padding: 5px 10px; border-left: 5px solid rgb(102, 103, 101); font-weight: bold; line-height: 32px; color: rgb(102, 102, 102); box-sizing: border-box;"><p style="margin-top: 0px; margin-bottom: 0px; padding: 0px; clear: both; text-align: center;">女朋友是找的，不是给的</p></section></section><section class="_135editor" data-tools="135编辑器" data-id="391" style="margin: 0px; padding: 0px; font-family: 微软雅黑; white-space: normal; color: rgb(62, 62, 62); line-height: 24px; box-sizing: border-box;"><section style="margin: 1.5em 1em 1em; padding: 0px; border-width: 0px; border-style: initial; border-color: rgb(157, 180, 194); line-height: 25px; display: inline-block; box-sizing: border-box;"><section style="margin: 0px 0px 0px -0.5em; padding: 0px; line-height: 1.4; box-sizing: border-box;"><section style="margin: 0px; padding: 3px 8px; border-color: rgb(0, 0, 0); border-radius: 4px; color: rgb(255, 255, 255); font-size: 1em; display: inline-block; transform-origin: 0% 100% 0px; background-color: rgb(157, 180, 194); transform: rotate(-10deg);"><span class="135brush" data-brushtype="text" style="margin: 0px; padding: 0px;">节日由来</span></section></section><section class="135brush" data-style="line-height:24px;color:rgb(89, 89, 89); font-size:14px" style="margin: -24px 0px 0px; padding: 22px 16px 16px; border-width: 1px; border-style: solid; border-color: rgb(157, 180, 194); color: rgb(0, 0, 0); font-size: 14px; box-sizing: border-box;"><p style="margin-top: 0px; margin-bottom: 0px; padding: 0px; clear: both; line-height: 24px; text-align: center;"><span style="margin: 0px; padding: 0px; color: rgb(89, 89, 89);">自盘古开天辟地以来，地球上就一直生活着一种名贵的生物——“单身狗”，后来人类以它的名字自嘲单身男女，发展到今日，已经变为一个节日。</span></p></section></section></section><p><br/></p><p style="margin-top: 0px; margin-bottom: 0px; padding: 0px; clear: both; font-family: 微软雅黑; white-space: normal; color: rgb(62, 62, 62); line-height: 24px; text-align: center;">&nbsp;</p><p><br/></p><section class="_135editor" data-tools="135编辑器" data-id="40" style="margin: 0px; padding: 0px; font-family: 微软雅黑; white-space: normal; color: rgb(62, 62, 62); line-height: 24px; box-sizing: border-box;"><p style="margin-top: 8px; margin-bottom: 0px; padding: 0px; clear: both; height: 32px; text-align: justify; border-bottom: 1px solid rgb(227, 227, 227);"><strong style="margin: 0px; padding: 0px; color: rgb(102, 102, 102);"><span style="margin: 0px 8px 0px 0px; padding: 4px 20px; border-bottom: 2px solid rgb(173, 167, 105); display: block; float: left; border-top-color: rgb(173, 167, 105); border-right-color: rgb(173, 167, 105); border-left-color: rgb(173, 167, 105); border-radius: 150% 40%; color: rgb(255, 255, 255); line-height: 28px; background-color: rgb(173, 167, 105);">军犬宣言</span></strong></p><section style="margin: 0px; padding: 0px 10px; box-sizing: border-box;"><section class="135brush" style="margin: 5px 0px; padding: 5px 10px; border-width: 2px; border-style: solid; border-color: rgb(241, 241, 241); box-shadow: rgb(225, 225, 225) 5px 5px 2px; color: inherit; box-sizing: border-box; background-color: rgb(241, 241, 241);"><p style="margin-top: 0px; margin-bottom: 0px; padding: 0px; clear: both; color: inherit; text-align: center;"><span style="margin: 0px; padding: 0px; font-size: 14px;">首先小联要表明，我不是单身狗，我是军犬！汪！被虐了这么多年，我的内心早已坚强到进化并突破了，即使是这样，我也不愿意再单身了。下面，小联将联合众多小伙伴的感情经历，在这冰冷的夜，给大家一个大大的拥抱。</span></p></section></section></section><section class="_135editor" data-tools="135编辑器" data-id="16401" style="margin: 0px; padding: 0px; font-family: 微软雅黑; white-space: normal; color: rgb(62, 62, 62); line-height: 24px; box-sizing: border-box;"><p style="margin-top: 0px; margin-bottom: 0px; padding: 0px; clear: both; text-align: center;"></p></section><section class="_135editor" data-tools="135编辑器" data-id="29735" style="margin: 0px; padding: 0px; font-family: 微软雅黑; white-space: normal; color: rgb(62, 62, 62); line-height: 24px; box-sizing: border-box;"><section style="margin: 0px; padding: 0px; width: 92px; box-sizing: border-box;"><p style="margin-top: 0px; margin-bottom: 0px; padding: 0px; clear: both; text-align: center; color: inherit; line-height: 2em;"><span style="margin: 0px; padding: 0px; border-color: rgb(226, 121, 97); color: rgb(226, 121, 97);"><strong style="margin: 0px; padding: 0px; border-color: rgb(226, 121, 97); color: inherit;">适者生存</strong></span></p></section><section style="margin: 0px; padding: 0px 5px; line-height: 10px; color: inherit; border-width: 1px; border-style: solid; border-color: rgb(226, 121, 97); box-sizing: border-box;"><section data-width="50%" style="margin: -8px 0px 0px 140px; padding: 0px; color: inherit; height: 8px; width: 252px; box-sizing: border-box; background-color: rgb(254, 254, 254);"><section style="margin: 0px; padding: 0px; width: 8px; height: 8px; border-radius: 100%; line-height: 1; font-size: 18px; text-decoration: inherit; border-color: rgb(226, 121, 97); display: inline-block; color: inherit; box-sizing: border-box; background-color: rgb(226, 121, 97);"></section></section><section class="135brush" data-style="text-indent: 2em;" style="margin: 15px; padding: 0px; line-height: 2em; font-size: 14px; box-sizing: border-box;"><p style="margin-top: 0px; margin-bottom: 0px; padding: 0px; clear: both; text-indent: 2em; text-align: center;">首先，小联深度解析一下，为什么会有这么多单身的小伙伴，并不是大家不够优秀，只是缺少一个表现自己的机会！从达尔文的《物种起源》中就可以知道——适者生存。</p></section><section data-width="65%" style="margin: 0px 0px -4px 25px; padding: 0px; color: inherit; text-align: right; height: 10px; width: 327.594px; box-sizing: border-box; background-color: rgb(254, 254, 254);"><section style="margin: 0px auto 1px; padding: 0px; border-radius: 100%; line-height: 1; text-decoration: inherit; border-color: rgb(226, 121, 97); display: inline-block; height: 8px; width: 8px; color: inherit; box-sizing: border-box; background-color: rgb(226, 121, 97);"></section></section></section></section><section class="_135editor" data-tools="135编辑器" data-id="16401" style="margin: 0px; padding: 0px; font-family: 微软雅黑; white-space: normal; box-sizing: border-box;"><p style="margin-top: 0px; margin-bottom: 0px; padding: 0px; clear: both; text-align: center;"><br/></p></section><p><br/></p><p style="margin-top: 0px; margin-bottom: 0px; padding: 0px; clear: both; font-family: 微软雅黑; white-space: normal;"><span style="margin: 0px; padding: 0px; color: rgb(255, 0, 0);"><strong style="margin: 0px; padding: 0px;">物种起源</strong></span></p><p><br/></p><section class="_135editor" data-tools="135编辑器" data-id="29735" style="margin: 0px; padding: 0px; font-family: 微软雅黑; white-space: normal; color: rgb(62, 62, 62); line-height: 24px; box-sizing: border-box;"><section style="margin: 0px; padding: 0px 5px; line-height: 10px; color: inherit; border-width: 1px; border-style: solid; border-color: rgb(226, 121, 97); box-sizing: border-box;"><section data-width="50%" style="margin: -8px 0px 0px 140px; padding: 0px; color: inherit; height: 8px; width: 252px; box-sizing: border-box; background-color: rgb(254, 254, 254);"><section style="margin: 0px; padding: 0px; width: 8px; height: 8px; border-radius: 100%; line-height: 1; font-size: 18px; text-decoration: inherit; border-color: rgb(226, 121, 97); display: inline-block; color: inherit; box-sizing: border-box; background-color: rgb(226, 121, 97);"></section></section><section class="135brush" data-style="text-indent: 2em;" style="margin: 15px; padding: 0px; line-height: 2em; font-size: 14px; box-sizing: border-box;"><p style="margin-top: 0px; margin-bottom: 0px; padding: 0px; clear: both; text-indent: 2em; text-align: center;"><span style="margin: 0px; padding: 0px; text-indent: 2em; line-height: 2em; color: inherit;">人类从类人猿进化而来，兽性是从骨子里带的的。唯有强悍的动物才可拥有配偶，再来纵观大千世界，妹子大多是会选择有价值的男性，所以，想要脱单的小伙伴，展现自己的价值是快速脱单的最好方法。</span><br style="margin: 0px; padding: 0px;"/></p></section><section data-width="65%" style="margin: 0px 0px -4px 25px; padding: 0px; color: inherit; text-align: right; height: 10px; width: 327.594px; box-sizing: border-box; background-color: rgb(254, 254, 254);"><section style="margin: 0px auto 1px; padding: 0px; border-radius: 100%; line-height: 1; text-decoration: inherit; border-color: rgb(226, 121, 97); display: inline-block; height: 8px; width: 8px; color: inherit; box-sizing: border-box; background-color: rgb(226, 121, 97);"></section></section></section></section><section class="_135editor" data-tools="135编辑器" data-id="16401" style="margin: 0px; padding: 0px; font-family: 微软雅黑; white-space: normal; box-sizing: border-box;"><p style="margin-top: 0px; margin-bottom: 0px; padding: 0px; clear: both; text-align: center;"><br/></p></section><section class="_135editor" data-tools="135编辑器" data-id="16401" style="margin: 0px; padding: 0px; font-family: 微软雅黑; white-space: normal; box-sizing: border-box;"><section class="_135editor" data-tools="135编辑器" data-id="16401" style="margin: 0px; padding: 0px; box-sizing: border-box;"><p style="margin-top: 0px; margin-bottom: 0px; padding: 0px; clear: both; text-align: center;"><br/></p></section><section class="_135editor" data-tools="135编辑器" data-id="87671" style="margin: 0px; padding: 0px; box-sizing: border-box;"><section style="margin: 10px 0px; padding: 0px; box-sizing: border-box;"><section data-width="100%" style="margin: -1px 0px 0px; padding: 0px; display: inline-block; vertical-align: top; width: 516px; height: 1.2em; box-sizing: border-box;"><section style="margin: 0px; padding: 0px; float: left; box-sizing: border-box;"><section style="margin: 0px; padding: 0px; width: 1em; height: 1em; display: inline-block; border-bottom-right-radius: 100%; color: rgb(255, 255, 255); box-sizing: border-box; background-color: rgb(254, 254, 254);"></section><section style="margin: 0px; padding: 0px; display: inline-block; box-sizing: border-box;"><section style="margin: 0px 0px -0.3em -0.3em; padding: 0px; width: 7px; height: 7px; display: inline-block; border-radius: 100%; box-sizing: border-box; background-color: rgb(254, 254, 254);"></section><section style="margin: 0px 0px -0.2em; padding: 0px; width: 4px; height: 4px; display: inline-block; vertical-align: bottom; border-radius: 100%; box-sizing: border-box; background-color: rgb(254, 254, 254);"></section></section></section><section style="margin: 0px; padding: 0px; float: right; box-sizing: border-box;"><section style="margin: 0px; padding: 0px; display: inline-block; box-sizing: border-box;"><section style="margin: 0px 0px -0.2em; padding: 0px; width: 4px; height: 4px; display: inline-block; vertical-align: bottom; border-radius: 100%; box-sizing: border-box; background-color: rgb(254, 254, 254);"></section><section style="margin: 0px -0.3em -0.3em 0px; padding: 0px; width: 7px; height: 7px; display: inline-block; border-radius: 100%; box-sizing: border-box; background-color: rgb(254, 254, 254);"></section></section><section style="margin: -1px 0px 0px; padding: 0px; width: 1em; height: 1em; display: inline-block; border-bottom-left-radius: 100%; box-sizing: border-box; background-color: rgb(254, 254, 254);"></section></section><section style="margin: 0px; padding: 0px; clear: both; box-sizing: border-box;"></section></section><section data-width="100%" style="margin: -1.42em 0px -1.4em; padding: 20px 30px; width: 516px; color: rgb(172, 133, 2); box-sizing: border-box; background-color: rgb(254, 236, 175);"><section style="margin: 0px; padding: 0px; text-align: justify; box-sizing: border-box;"><section class="135brush" style="margin: 0px; padding: 0px; box-sizing: border-box;"><p style="margin-top: 0px; margin-bottom: 0px; padding: 0px; clear: both; text-align: center;"><span style="margin: 0px; padding: 0px; font-size: 14px;"><strong style="margin: 0px; padding: 0px;">说到展现价值，可能小伙伴们就要有疑问了，价值等于金钱吗？小联的回答是：我们不可否认金钱的力量，但是价值的范围更加宽泛，比如颜值、幽默感、新鲜感等等。下面就让小联告诉大家最快捷，最高效提高自我价值的方法。</strong></span></p></section></section></section><section data-width="100%" style="margin: 0px; padding: 0px; display: inline-block; vertical-align: bottom; width: 516px; height: 1em; box-sizing: border-box;"><section style="margin: 0px; padding: 0px; float: left; box-sizing: border-box;"><section style="margin: 0px; padding: 0px; width: 1em; height: 1em; display: inline-block; border-top-right-radius: 100%; color: rgb(255, 255, 255); box-sizing: border-box; background-color: rgb(254, 254, 254);"></section><section style="margin: 0px; padding: 0px; display: inline-block; box-sizing: border-box;"><section style="margin: 0px 0px -0.2em -0.2em; padding: 0px; width: 7px; height: 7px; display: inline-block; vertical-align: top; border-radius: 100%; box-sizing: border-box; background-color: rgb(254, 254, 254);"></section><section style="margin: -0.3em 0px 0px; padding: 0px; width: 4px; height: 4px; display: inline-block; vertical-align: top; border-radius: 100%; box-sizing: border-box; background-color: rgb(254, 254, 254);"></section></section></section><section style="margin: 0px; padding: 0px; float: right; box-sizing: border-box;"><section style="margin: 0px; padding: 0px; display: inline-block; box-sizing: border-box;"><section style="margin: -0.3em 0px 0px; padding: 0px; width: 4px; height: 4px; display: inline-block; vertical-align: top; border-radius: 100%; box-sizing: border-box; background-color: rgb(254, 254, 254);"></section><section style="margin: 0px -0.2em -0.2em 0px; padding: 0px; width: 7px; height: 7px; display: inline-block; vertical-align: top; border-radius: 100%; box-sizing: border-box; background-color: rgb(254, 254, 254);"></section></section><section style="margin: 0px; padding: 0px; width: 1em; height: 1em; display: inline-block; border-top-left-radius: 100%; box-sizing: border-box; background-color: rgb(254, 254, 254);"></section></section></section></section></section></section><section class="_135editor" data-tools="135编辑器" data-id="87671" style="margin: 0px; padding: 0px; font-family: 微软雅黑; white-space: normal; box-sizing: border-box;"><section style="margin: 10px 0px; padding: 0px; box-sizing: border-box;"><section data-width="100%" style="margin: -1px 0px 0px; padding: 0px; display: inline-block; vertical-align: top; width: 516px; height: 1.2em; box-sizing: border-box;"><section style="margin: 0px; padding: 0px; float: left; box-sizing: border-box;"><section style="margin: 0px; padding: 0px; width: 1em; height: 1em; display: inline-block; border-bottom-right-radius: 100%; color: rgb(255, 255, 255); box-sizing: border-box; background-color: rgb(254, 254, 254);"></section><section style="margin: 0px; padding: 0px; display: inline-block; box-sizing: border-box;"><section style="margin: 0px 0px -0.3em -0.3em; padding: 0px; width: 7px; height: 7px; display: inline-block; border-radius: 100%; box-sizing: border-box; background-color: rgb(254, 254, 254);"></section><section style="margin: 0px 0px -0.2em; padding: 0px; width: 4px; height: 4px; display: inline-block; vertical-align: bottom; border-radius: 100%; box-sizing: border-box; background-color: rgb(254, 254, 254);"></section></section></section><section style="margin: 0px; padding: 0px; float: right; box-sizing: border-box;"><section style="margin: 0px; padding: 0px; display: inline-block; box-sizing: border-box;"><section style="margin: 0px 0px -0.2em; padding: 0px; width: 4px; height: 4px; display: inline-block; vertical-align: bottom; border-radius: 100%; box-sizing: border-box; background-color: rgb(254, 254, 254);"></section><section style="margin: 0px -0.3em -0.3em 0px; padding: 0px; width: 7px; height: 7px; display: inline-block; border-radius: 100%; box-sizing: border-box; background-color: rgb(254, 254, 254);"></section></section><section style="margin: -1px 0px 0px; padding: 0px; width: 1em; height: 1em; display: inline-block; border-bottom-left-radius: 100%; box-sizing: border-box; background-color: rgb(254, 254, 254);"></section></section><section style="margin: 0px; padding: 0px; clear: both; box-sizing: border-box;"></section></section><section data-width="100%" style="margin: -1.42em 0px -1.4em; padding: 20px 30px; width: 516px; color: rgb(172, 133, 2); box-sizing: border-box; background-color: rgb(254, 236, 175);"><section style="margin: 0px; padding: 0px; text-align: justify; box-sizing: border-box;"><section class="135brush" style="margin: 0px; padding: 0px; box-sizing: border-box;"><p style="margin-top: 0px; margin-bottom: 0px; padding: 0px; clear: both; text-align: center;"><span style="margin: 0px; padding: 0px; font-family: Tahoma, Arial, Helvetica, sans-serif, SimSun;"><span style="margin: 0px; padding: 0px; font-size: 14px; line-height: 26.4px; font-family: 微软雅黑;"><span style="margin: 0px; padding: 0px; font-weight: bold; line-height: 26.4px;">喜欢一个人 始于颜值 陷于才华 忠于人品，这句话完全正确，但是对于颜值还没有达到一定高度的小伙伴，小联只能对你微微一笑：小伙子，我看你骨骼惊奇，这本《套路》只收你998，妹子尽数带回家。</span></span></span></p></section></section></section><section data-width="100%" style="margin: 0px; padding: 0px; display: inline-block; vertical-align: bottom; width: 516px; height: 1em; box-sizing: border-box;"><section style="margin: 0px; padding: 0px; float: left; box-sizing: border-box;"><section style="margin: 0px; padding: 0px; width: 1em; height: 1em; display: inline-block; border-top-right-radius: 100%; color: rgb(255, 255, 255); box-sizing: border-box; background-color: rgb(254, 254, 254);"></section><section style="margin: 0px; padding: 0px; display: inline-block; box-sizing: border-box;"><section style="margin: 0px 0px -0.2em -0.2em; padding: 0px; width: 7px; height: 7px; display: inline-block; vertical-align: top; border-radius: 100%; box-sizing: border-box; background-color: rgb(254, 254, 254);"></section><section style="margin: -0.3em 0px 0px; padding: 0px; width: 4px; height: 4px; display: inline-block; vertical-align: top; border-radius: 100%; box-sizing: border-box; background-color: rgb(254, 254, 254);"></section></section></section><section style="margin: 0px; padding: 0px; float: right; box-sizing: border-box;"><section style="margin: 0px; padding: 0px; display: inline-block; box-sizing: border-box;"><section style="margin: -0.3em 0px 0px; padding: 0px; width: 4px; height: 4px; display: inline-block; vertical-align: top; border-radius: 100%; box-sizing: border-box; background-color: rgb(254, 254, 254);"></section><section style="margin: 0px -0.2em -0.2em 0px; padding: 0px; width: 7px; height: 7px; display: inline-block; vertical-align: top; border-radius: 100%; box-sizing: border-box; background-color: rgb(254, 254, 254);"></section></section><section style="margin: 0px; padding: 0px; width: 1em; height: 1em; display: inline-block; border-top-left-radius: 100%; box-sizing: border-box; background-color: rgb(254, 254, 254);"><br style="margin: 0px; padding: 0px;"/></section></section></section></section></section><section class="_135editor" data-tools="135编辑器" data-id="87671" style="margin: 0px; padding: 0px; font-family: 微软雅黑; white-space: normal; box-sizing: border-box;"><section style="margin: 10px 0px; padding: 0px; box-sizing: border-box;"></section></section><section class="_135editor" data-tools="135编辑器" data-id="85945" style="margin: 0px; padding: 0px; font-family: 微软雅黑; white-space: normal; box-sizing: border-box;"><section style="margin: 0px 0px 0.5em; padding: 0px; display: inline-block; box-sizing: border-box;"><section style="margin: 15px 0px 0px; padding: 0px; border-right: 16px solid rgb(198, 198, 199); border-left-width: 0px; border-left-color: rgb(198, 198, 199); height: 10px; width: 10px; float: left; box-sizing: border-box; border-bottom: 10px solid transparent !important; border-top-style: solid !important; border-top-color: transparent !important;"></section><section class="135brush" style="margin: 0px; padding: 1em; border-radius: 1em; line-height: 1.2; font-size: 1em; display: inline-block; color: rgb(70, 70, 72); box-sizing: border-box; background: rgb(198, 198, 199); max-width: 80%;"><p style="margin-top: 0px; margin-bottom: 0px; padding: 0px; clear: both;">说了这么多，小联你还是没有告诉我如何展现价值，你是在打广告啊？</p></section></section><section style="margin: 20px 0px 0.5em; padding: 0px; text-align: right; display: inline-block; box-sizing: border-box;"><section style="margin: 0px; padding: 0px; border-left: 16px solid rgb(22, 171, 36); border-right-width: 0px; border-right-color: rgb(22, 171, 36); display: inline-block; height: 10px; width: 10px; vertical-align: top; float: right; box-sizing: border-box; border-bottom: 10px solid transparent !important; border-top-style: solid !important; border-top-color: transparent !important;"></section><section class="135brush" style="margin: -15px 0px 0px; padding: 1em; border-radius: 1em; line-height: 1.2; text-align: left; color: rgb(255, 255, 255); font-size: 1em; display: inline-block; box-sizing: border-box; background: rgb(22, 171, 36); max-width: 80%;"><p style="margin-top: 0px; margin-bottom: 0px; padding: 0px; clear: both; text-align: right;">放心，小联既然说了，那一定不会只是调小伙伴胃口，一定会手把手教会大家，下面认真听，仔细看，错过一次再等一年。</p></section></section></section><p><br/></p><p><br/></p>', '/activity\\20170502\\555505b1592096734266a2f917634b11.jpg', '', '通达校园', NULL, '1', '');
INSERT INTO `faith_activity` (`activity_id`, `community_id`, `activity_listorder`, `activity_name`, `activity_starttime`, `activity_endtime`, `create_time`, `activity_abstract`, `editorValue`, `activity_image`, `activity_cehua`, `activity_location`, `activity_reason`, `activity_status`, `file`) VALUES
(6, 1, 0, '【通达最美系列】', '2016-09-14 ', '2016-10-01 ', 1493710253, '通达最美系列，发现你身边的美', '<section class="_135editor" data-tools="135编辑器" data-id="21" style="margin: 0px; padding: 0px; font-family: 微软雅黑; white-space: normal; border-width: 0px; border-style: none; border-color: initial; box-sizing: border-box;"><section style="margin: 10px 0px; padding: 5px 0px; border-width: 1px; border-style: solid; border-color: rgb(205, 206, 204); box-shadow: rgb(204, 204, 204) 0px 0px 1px; box-sizing: border-box;"><section class="_135editor" data-tools="135编辑器" data-id="86486" style="margin: 0px; padding: 0px; border-width: 0px; border-style: none; border-color: initial; box-sizing: border-box;"><section style="margin: 30px; padding: 0px; color: rgb(39, 80, 44); box-sizing: border-box; background-color: rgb(164, 210, 169);"><section data-style="text-align: center;color:rgb(255,255,255);" style="margin: 0px; padding: 0px; color: rgb(62, 62, 62); box-sizing: border-box;"><section style="margin: -30px 0px; padding: 0px; color: inherit; text-align: center; line-height: 2.1; box-sizing: border-box;"><p style="margin-top: 0px; margin-bottom: 0px; padding: 0px; clear: both;"><span class="135brush" data-brushtype="text" style="margin: 0px; padding: 0px; color: rgb(255, 255, 255); font-size: 18px;">通达最美系列</span></p></section><section style="margin: 2px -2px 0px 0px; padding: 0px; width: 16px; height: 50px; border-right: 1px solid rgb(164, 210, 169); box-sizing: border-box; display: inline-block; float: right; background-color: rgb(254, 254, 254); transform: rotate(45deg);"></section></section></section></section><section class="_135editor" data-tools="135编辑器" data-id="87671" style="margin: 0px; padding: 0px; border-width: 0px; border-style: none; border-color: initial; box-sizing: border-box;"><section style="margin: 10px 0px; padding: 0px; box-sizing: border-box;"><section data-width="100%" style="margin: -1px 0px 0px; padding: 0px; display: inline-block; vertical-align: top; width: 554px; height: 1.2em; box-sizing: border-box;"><section style="margin: 0px; padding: 0px; float: left; box-sizing: border-box;"><section style="margin: 0px; padding: 0px; width: 1em; height: 1em; display: inline-block; border-bottom-right-radius: 100%; color: rgb(255, 255, 255); box-sizing: border-box; background-color: rgb(254, 254, 254);"></section><section style="margin: 0px; padding: 0px; display: inline-block; box-sizing: border-box;"><section style="margin: 0px 0px -0.3em -0.3em; padding: 0px; width: 7px; height: 7px; display: inline-block; border-radius: 100%; box-sizing: border-box; background-color: rgb(254, 254, 254);"></section><section style="margin: 0px 0px -0.2em; padding: 0px; width: 4px; height: 4px; display: inline-block; vertical-align: bottom; border-radius: 100%; box-sizing: border-box; background-color: rgb(254, 254, 254);"></section></section></section><section style="margin: 0px; padding: 0px; float: right; box-sizing: border-box;"><section style="margin: 0px; padding: 0px; display: inline-block; box-sizing: border-box;"><section style="margin: 0px 0px -0.2em; padding: 0px; width: 4px; height: 4px; display: inline-block; vertical-align: bottom; border-radius: 100%; box-sizing: border-box; background-color: rgb(254, 254, 254);"></section><section style="margin: 0px -0.3em -0.3em 0px; padding: 0px; width: 7px; height: 7px; display: inline-block; border-radius: 100%; box-sizing: border-box; background-color: rgb(254, 254, 254);"></section></section><section style="margin: -1px 0px 0px; padding: 0px; width: 1em; height: 1em; display: inline-block; border-bottom-left-radius: 100%; box-sizing: border-box; background-color: rgb(254, 254, 254);"></section></section><section style="margin: 0px; padding: 0px; clear: both; box-sizing: border-box;"></section></section><section data-width="100%" style="margin: -1.42em 0px -1.4em; padding: 20px 30px; width: 554px; color: rgb(172, 133, 2); box-sizing: border-box; background-color: rgb(254, 236, 175);"><section style="margin: 0px; padding: 0px; text-align: justify; box-sizing: border-box;"><section class="135brush" style="margin: 0px; padding: 0px; box-sizing: border-box;"><p style="margin-top: 0px; margin-bottom: 0px; padding: 0px; clear: both; text-align: center;">小伙伴们注意啦，通达最美列活动来啦，抓经时间推荐你们心中的男神女神吧如果被推荐的人最后竞选获胜，推荐人也一样有奖品哦</p></section></section></section><section data-width="100%" style="margin: 0px; padding: 0px; display: inline-block; vertical-align: bottom; width: 554px; height: 1em; box-sizing: border-box;"><section style="margin: 0px; padding: 0px; float: left; box-sizing: border-box;"><section style="margin: 0px; padding: 0px; width: 1em; height: 1em; display: inline-block; border-top-right-radius: 100%; color: rgb(255, 255, 255); box-sizing: border-box; background-color: rgb(254, 254, 254);"></section><section style="margin: 0px; padding: 0px; display: inline-block; box-sizing: border-box;"><section style="margin: 0px 0px -0.2em -0.2em; padding: 0px; width: 7px; height: 7px; display: inline-block; vertical-align: top; border-radius: 100%; box-sizing: border-box; background-color: rgb(254, 254, 254);"></section><section style="margin: -0.3em 0px 0px; padding: 0px; width: 4px; height: 4px; display: inline-block; vertical-align: top; border-radius: 100%; box-sizing: border-box; background-color: rgb(254, 254, 254);"></section></section></section><section style="margin: 0px; padding: 0px; float: right; box-sizing: border-box;"><section style="margin: 0px; padding: 0px; display: inline-block; box-sizing: border-box;"><section style="margin: -0.3em 0px 0px; padding: 0px; width: 4px; height: 4px; display: inline-block; vertical-align: top; border-radius: 100%; box-sizing: border-box; background-color: rgb(254, 254, 254);"></section><section style="margin: 0px -0.2em -0.2em 0px; padding: 0px; width: 7px; height: 7px; display: inline-block; vertical-align: top; border-radius: 100%; box-sizing: border-box; background-color: rgb(254, 254, 254);"></section></section><section style="margin: 0px; padding: 0px; width: 1em; height: 1em; display: inline-block; border-top-left-radius: 100%; box-sizing: border-box; background-color: rgb(254, 254, 254);"></section></section></section></section></section><p class="135brush" style="padding: 0px 0px 5px; clear: both; font-weight: bold; text-align: center;"><span style="margin: 0px; padding: 0px; font-size: 13px; text-shadow: rgb(255, 0, 0) 2px 2px 10px;"><img class="" data-ratio="1" src="https://mmbiz.qlogo.cn/mmbiz_gif/U8fjPgiakOKianJFyPKMEH0FB3NbAQEASrDp2tLHqWAV91euYqlialtZLicxwd3mAKdU9LZzHUDW4ZvjA3dzblwibXw/0?wx_fmt=gif" data-type="gif" data-w="256" title="分割线" style="margin: 0px; padding: 0px; max-width: 100%; height: auto !important; width: 32px; display: inline;"/>&nbsp;</span></p><p class="135brush" style="padding: 0px 0px 5px; clear: both; font-weight: bold; text-align: center;"><span style="margin: 0px; padding: 0px; font-size: 13px; text-shadow: rgb(255, 0, 0) 2px 2px 10px;">他们的工作</span></p><p class="135brush" style="padding: 0px 0px 5px; clear: both; font-weight: bold; text-align: center;"><span style="margin: 0px; padding: 0px; font-size: 13px; text-shadow: rgb(255, 0, 0) 2px 2px 10px;">让通达活舒适</span></p><p class="135brush" style="padding: 0px 0px 5px; clear: both; font-weight: bold; text-align: center;"><span style="margin: 0px; padding: 0px; font-size: 13px; text-shadow: rgb(255, 0, 0) 2px 2px 10px;">他们的付出</span></p><p class="135brush" style="padding: 0px 0px 5px; clear: both; font-weight: bold; text-align: center;"><span style="margin: 0px; padding: 0px; font-size: 13px; text-shadow: rgb(255, 0, 0) 2px 2px 10px;">让我们实现梦想</span></p><p class="135brush" style="padding: 0px 0px 5px; clear: both; font-weight: bold; text-align: center;"><span style="margin: 0px; padding: 0px; font-size: 13px; text-shadow: rgb(255, 0, 0) 2px 2px 10px;">通达最美系列</span></p><p class="135brush" style="padding: 0px 0px 5px; clear: both; font-weight: bold; text-align: center;"><span style="margin: 0px; padding: 0px; font-size: 13px; text-shadow: rgb(255, 0, 0) 2px 2px 10px;">寻找校园内“最美”的人</span></p><section class="_135editor" data-tools="135编辑器" data-id="88101" style="margin: 0px; padding: 0px; border-width: 0px; border-style: none; border-color: initial; box-sizing: border-box;"><section style="margin: 10px 0px; padding: 0px; text-align: center; box-sizing: border-box;"></section></section><section class="_135editor" data-tools="135编辑器" data-id="87838" style="margin: 0px; padding: 0px; border-width: 0px; border-style: none; border-color: initial; box-sizing: border-box;"><section class="layout" style="margin: 10px auto; padding: 0px; box-sizing: border-box;"><section class="135brush" style="margin: 10px auto; padding: 0px; border-style: solid; -webkit-border-image: url(&quot;https://mmbiz.qlogo.cn/mmbiz/z9433rAGTDf3B7ANtHluLedmicaNWncFUFc8fsSzY5UwLp10TzjXkuRTdxJbbDK2qZZhYicY7dn05aGCwF4JocKA/0?wx_fmt=png&quot;) 70 fill; border-width: 20px; box-sizing: border-box;"><p style="margin-top: 0px; margin-bottom: 0px; padding: 0px; clear: both; text-align: center;"><span style="margin: 0px; padding: 0px; text-shadow: rgb(250, 192, 143) 2px 2px 10px;">在我们通达校园内，有很多默默付出，坚守信念的人，他们可能是老师，是同学，或者是早起晚睡的员工。我们应该去感谢他们，为我们平淡的生活增添如此多的色彩。</span></p></section></section></section><section class="_135editor" data-tools="135编辑器" data-id="2182" style="margin: 0px; padding: 0px; border-width: 0px; border-style: none; border-color: initial; box-sizing: border-box;"><section style="margin: 1em 0px 0.8em; padding: 0px; border-width: 0px; border-style: none; border-color: initial; clear: both; box-sizing: border-box;"><section style="margin: 0px; padding: 0px; font-size: 1.2em; font-weight: inherit; text-align: inherit; text-decoration: inherit; color: rgb(239, 112, 96); border-color: rgb(239, 112, 96); box-sizing: border-box;"><section style="margin: 0px 0px 0px 40px; padding: 0px; box-sizing: border-box;"><section style="margin: 0px; padding: 0px; display: inline-block; vertical-align: bottom; line-height: 1; font-size: 1.2em; box-sizing: border-box;"><section class="135brush" data-brushtype="text" style="margin: 0px; padding: 0px; box-sizing: border-box;"><strong style="margin: 0px; padding: 0px;"><span style="margin: 0px; padding: 0px; font-size: 18px;">活动主题</span></strong></section></section></section><section style="margin: -10px 0px 0px; padding: 0px; height: 5px; box-sizing: border-box;"><section style="margin: 0px; padding: 0px; display: inline-block; height: 2px; width: 40px; font-size: 1.2em; transform-origin: right center 0px; color: rgb(255, 255, 255); background-color: rgb(239, 112, 96); transform: rotate(45deg);"></section><section data-width="80%" style="margin: 0px; padding: 0px; display: inline-block; height: 2px; width: 443.188px; font-size: 1.2em; color: rgb(255, 255, 255); box-sizing: border-box; background-color: rgb(239, 112, 96);"></section></section></section></section></section><section data-role="paragraph" class="_135editor" style="margin: 0px; padding: 0px; border-width: 0px; border-style: none; border-color: initial; box-sizing: border-box;"><p style="margin-top: 0px; margin-bottom: 0px; padding: 0px; clear: both;"><br style="margin: 0px; padding: 0px;"/></p></section><section class="_135editor" data-tools="135编辑器" data-id="85713" style="margin: 0px; padding: 0px; border-width: 0px; border-style: none; border-color: initial; box-sizing: border-box;"><section style="margin: 0px auto; padding: 0px; box-sizing: border-box;"><section style="margin: 0px; padding: 0px; display: inline-block; box-sizing: border-box;"><section style="margin: 0px; padding: 8px; width: 50px; border-width: initial; border-style: none; border-color: rgb(226, 121, 97); color: rgb(255, 255, 255); box-sizing: border-box; background-image: url(&quot;https://mmbiz.qlogo.cn/mmbiz/yqVAqoZvDibEH82vfP7Aa2wic3y5MwmI43yB9icJz1SnvZ9cg0G1vNVaGOUeSnLAWlQTrd99SURN3H8UGZFFCjeOA/0?wx_fmt=png&quot;); background-color: rgb(226, 121, 97); background-size: contain; background-position: 50% 50%; background-repeat: no-repeat; height: 40px !important;"><p style="margin-top: 0px; margin-bottom: 0px; padding: 0px; clear: both; line-height: 2em; text-align: center;"><strong style="margin: 0px; padding: 0px;"><span class="autonum" data-original-title="" title="" style="margin: 0px; padding: 0px; color: inherit; font-size: 20px; line-height: inherit;">1</span></strong></p></section></section><section style="margin: 0px; padding: 5px 10px; color: rgb(226, 121, 97); border-color: rgb(226, 121, 97); display: inline-block; box-sizing: border-box;"><p style="margin-top: 0px; margin-bottom: 0px; padding: 0px; clear: both; line-height: 2em; font-size: 18px;"><span style="margin: 0px; padding: 0px; color: rgb(118, 146, 60);">最美通达人</span></p></section></section></section><section class="_135editor" data-tools="135编辑器" data-id="88101" style="margin: 0px; padding: 0px; border-width: 0px; border-style: none; border-color: initial; box-sizing: border-box;"><section style="margin: 10px 0px; padding: 0px; text-align: center; box-sizing: border-box;"><section style="margin: 0px; padding: 0px; box-sizing: border-box;"><section style="margin: 0px; padding: 0px; float: left; width: 1.5em; box-sizing: border-box;"><section style="margin: 0px; padding: 0px; width: 0.6em; height: 0.6em; border-radius: 100%; box-sizing: border-box; background-color: rgb(249, 110, 87);"></section><img class="assistant" src="https://mmbiz.qlogo.cn/mmbiz_png/ianq03UUWGmIyxKD9AsYKVAlzQInSkLFE8n0xUhaItlFRfjueKzl2ZBMoDcwibW6iceClHHn2HSahCFrzFgECVH8Q/0" data-ratio="1" data-w="50" style="margin: -16px 0px 0px 0.3em; padding: 0px; max-width: 100%; height: auto !important; vertical-align: middle;"/></section><section style="margin: 0px 10px 0px 0px; padding: 0px; float: right; width: 1.5em; box-sizing: border-box;"><section style="margin: 0px -5px 0px 0px; padding: 0px; float: right; width: 0.6em; height: 0.6em; border-radius: 100%; box-sizing: border-box; background-color: rgb(249, 110, 87);"></section><img class="assistant" src="https://mmbiz.qlogo.cn/mmbiz_png/ianq03UUWGmIyxKD9AsYKVAlzQInSkLFEeib76e345VudOynTeyC5MywI0KygXicQId6CX4ibP6XCWezpGhmDws1Wg/0" data-ratio="1" data-w="50" style="margin: -5px 0px 0px; padding: 0px; max-width: 100%; height: auto !important; vertical-align: top; display: inline-block;"/></section><section style="margin: 0px; padding: 0px; clear: both; box-sizing: border-box;"></section></section><section class="135brush" style="margin: -10px 0px 10px; padding: 15px 25px; width: 556px; display: inline-block; box-sizing: border-box;"><p style="margin-top: 0px; margin-bottom: 0px; padding: 0px; clear: both;"><span style="margin: 0px; padding: 0px; line-height: inherit; color: rgb(73, 68, 41);">来回坐车给我们上课、坐在办公室等我们答疑的老师们；早起晚睡打扫校园、半夜起来为我们开门的宿管阿姨们；顶着灰尘修剪花草、冒着生命危险换电器的大叔们；为扬州公共活动维护治安、帮助学校维护治安的同学们，因为他们的付出才会有这么美好的校园。</span></p></section><section style="margin: -25px 0px 0px; padding: 0px; box-sizing: border-box;"><section style="margin: 0px; padding: 0px; float: left; width: 1.5em; box-sizing: border-box;"><img class="assistant" src="https://mmbiz.qlogo.cn/mmbiz_png/ianq03UUWGmIyxKD9AsYKVAlzQInSkLFEnZChoOAHcgPVUggH72ed3pY1JobsiaXPE4liaQHx5xo2d73kSMuLHqPw/0" data-ratio="1" data-w="50" style="margin: 0px 0px -0.46em 0.26em; padding: 0px; max-width: 100%; height: auto !important; vertical-align: middle;"/><section style="margin: 0px; padding: 0px; width: 0.6em; height: 0.6em; border-radius: 100%; box-sizing: border-box; background-color: rgb(249, 110, 87);"></section></section><section style="margin: 0px 10px 0px 0px; padding: 0px; float: right; width: 1.5em; box-sizing: border-box;"><img class="assistant" src="https://mmbiz.qlogo.cn/mmbiz_png/ianq03UUWGmIyxKD9AsYKVAlzQInSkLFEheA3ZhAUHLDVXiajm1L2rkfJBBBDeK4qL4IlyjpSL8Laicnbriae0ibMFQ/0" data-ratio="1" data-w="50" style="margin: 0px 0.3em 0px 0px; padding: 0px; max-width: 100%; height: auto !important; vertical-align: middle;"/><section style="margin: -0.3em 0px 0px 1.2em; padding: 0px; width: 0.6em; height: 0.6em; border-radius: 100%; box-sizing: border-box; background-color: rgb(249, 110, 87);"></section></section><section style="margin: 0px; padding: 0px; clear: both; box-sizing: border-box;"></section></section></section></section><section class="_135editor" data-tools="135编辑器" data-id="85713" style="margin: 0px; padding: 0px; border-width: 0px; border-style: none; border-color: initial; box-sizing: border-box;"><section style="margin: 0px auto; padding: 0px; box-sizing: border-box;"><section style="margin: 0px; padding: 0px; display: inline-block; box-sizing: border-box;"><section style="margin: 0px; padding: 8px; width: 50px; border-width: initial; border-style: none; border-color: rgb(226, 121, 97); color: rgb(255, 255, 255); box-sizing: border-box; background-image: url(&quot;https://mmbiz.qlogo.cn/mmbiz/yqVAqoZvDibEH82vfP7Aa2wic3y5MwmI43yB9icJz1SnvZ9cg0G1vNVaGOUeSnLAWlQTrd99SURN3H8UGZFFCjeOA/0?wx_fmt=png&quot;); background-color: rgb(226, 121, 97); background-size: contain; background-position: 50% 50%; background-repeat: no-repeat; height: 40px !important;"><p style="margin-top: 0px; margin-bottom: 0px; padding: 0px; clear: both; line-height: 2em; text-align: center;"><strong style="margin: 0px; padding: 0px;"><span class="autonum" data-original-title="" title="" style="margin: 0px; padding: 0px; color: inherit; font-size: 20px; line-height: inherit;">2</span></strong></p></section></section><section style="margin: 0px; padding: 5px 10px; color: rgb(226, 121, 97); border-color: rgb(226, 121, 97); display: inline-block; box-sizing: border-box;"><p style="margin-top: 0px; margin-bottom: 0px; padding: 0px; clear: both; line-height: 2em; font-size: 18px;"><span style="margin: 0px; padding: 0px; color: rgb(118, 146, 60);">最美社团人</span></p></section></section></section><section class="_135editor" data-tools="135编辑器" data-id="88101" style="margin: 0px; padding: 0px; border-width: 0px; border-style: none; border-color: initial; box-sizing: border-box;"><section style="margin: 10px 0px; padding: 0px; text-align: center; box-sizing: border-box;"><section style="margin: 0px; padding: 0px; box-sizing: border-box;"><section style="margin: 0px; padding: 0px; float: left; width: 1.5em; box-sizing: border-box;"><section style="margin: 0px; padding: 0px; width: 0.6em; height: 0.6em; border-radius: 100%; box-sizing: border-box; background-color: rgb(249, 110, 87);"></section><img class="assistant" src="https://mmbiz.qlogo.cn/mmbiz_png/ianq03UUWGmIyxKD9AsYKVAlzQInSkLFE8n0xUhaItlFRfjueKzl2ZBMoDcwibW6iceClHHn2HSahCFrzFgECVH8Q/0" data-ratio="1" data-w="50" style="margin: -16px 0px 0px 0.3em; padding: 0px; max-width: 100%; height: auto !important; vertical-align: middle;"/></section><section style="margin: 0px 10px 0px 0px; padding: 0px; float: right; width: 1.5em; box-sizing: border-box;"><section style="margin: 0px -5px 0px 0px; padding: 0px; float: right; width: 0.6em; height: 0.6em; border-radius: 100%; box-sizing: border-box; background-color: rgb(249, 110, 87);"></section><img class="assistant" src="https://mmbiz.qlogo.cn/mmbiz_png/ianq03UUWGmIyxKD9AsYKVAlzQInSkLFEeib76e345VudOynTeyC5MywI0KygXicQId6CX4ibP6XCWezpGhmDws1Wg/0" data-ratio="1" data-w="50" style="margin: -5px 0px 0px; padding: 0px; max-width: 100%; height: auto !important; vertical-align: top; display: inline-block;"/></section><section style="margin: 0px; padding: 0px; clear: both; box-sizing: border-box;"></section></section><section class="135brush" style="margin: -10px 0px 10px; padding: 15px 25px; width: 556px; display: inline-block; box-sizing: border-box;"><p style="margin-top: 0px; margin-bottom: 0px; padding: 0px; clear: both;"><span style="margin: 0px; padding: 0px; color: rgb(73, 68, 41);">小到社团正常发展，大到学校活动举办，不管是哪个社团，他的成长都是心血浇灌而来。那些为了社团，为了我们忘记自己的学长学姐们，没有他们的无私奉献，我们生活就不会这么精彩。</span></p></section><section style="margin: -25px 0px 0px; padding: 0px; box-sizing: border-box;"><section style="margin: 0px; padding: 0px; float: left; width: 1.5em; box-sizing: border-box;"><img class="assistant" src="https://mmbiz.qlogo.cn/mmbiz_png/ianq03UUWGmIyxKD9AsYKVAlzQInSkLFEnZChoOAHcgPVUggH72ed3pY1JobsiaXPE4liaQHx5xo2d73kSMuLHqPw/0" data-ratio="1" data-w="50" style="margin: 0px 0px -0.46em 0.26em; padding: 0px; max-width: 100%; height: auto !important; vertical-align: middle;"/><section style="margin: 0px; padding: 0px; width: 0.6em; height: 0.6em; border-radius: 100%; box-sizing: border-box; background-color: rgb(249, 110, 87);"></section></section><section style="margin: 0px 10px 0px 0px; padding: 0px; float: right; width: 1.5em; box-sizing: border-box;"><img class="assistant" src="https://mmbiz.qlogo.cn/mmbiz_png/ianq03UUWGmIyxKD9AsYKVAlzQInSkLFEheA3ZhAUHLDVXiajm1L2rkfJBBBDeK4qL4IlyjpSL8Laicnbriae0ibMFQ/0" data-ratio="1" data-w="50" style="margin: 0px 0.3em 0px 0px; padding: 0px; max-width: 100%; height: auto !important; vertical-align: middle;"/><section style="margin: -0.3em 0px 0px 1.2em; padding: 0px; width: 0.6em; height: 0.6em; border-radius: 100%; box-sizing: border-box; background-color: rgb(249, 110, 87);"></section></section><section style="margin: 0px; padding: 0px; clear: both; box-sizing: border-box;"></section></section></section></section><section class="_135editor" data-tools="135编辑器" data-id="85713" style="margin: 0px; padding: 0px; border-width: 0px; border-style: none; border-color: initial; box-sizing: border-box;"><section style="margin: 0px auto; padding: 0px; box-sizing: border-box;"><section style="margin: 0px; padding: 0px; display: inline-block; box-sizing: border-box;"><section style="margin: 0px; padding: 8px; width: 50px; border-width: initial; border-style: none; border-color: rgb(226, 121, 97); color: rgb(255, 255, 255); box-sizing: border-box; background-image: url(&quot;https://mmbiz.qlogo.cn/mmbiz/yqVAqoZvDibEH82vfP7Aa2wic3y5MwmI43yB9icJz1SnvZ9cg0G1vNVaGOUeSnLAWlQTrd99SURN3H8UGZFFCjeOA/0?wx_fmt=png&quot;); background-color: rgb(226, 121, 97); background-size: contain; background-position: 50% 50%; background-repeat: no-repeat; height: 40px !important;"><p style="margin-top: 0px; margin-bottom: 0px; padding: 0px; clear: both; line-height: 2em; text-align: center;"><strong style="margin: 0px; padding: 0px;"><span class="autonum" data-original-title="" title="" style="margin: 0px; padding: 0px; color: inherit; font-size: 20px; line-height: inherit;">3</span></strong></p></section></section><section style="margin: 0px; padding: 5px 10px; color: rgb(226, 121, 97); border-color: rgb(226, 121, 97); display: inline-block; box-sizing: border-box;"><p style="margin-top: 0px; margin-bottom: 0px; padding: 0px; clear: both; line-height: 2em; font-size: 18px;"><span style="margin: 0px; padding: 0px; color: rgb(118, 146, 60);">最美校花、校草</span></p></section></section></section><section class="_135editor" data-tools="135编辑器" data-id="88101" style="margin: 0px; padding: 0px; border-width: 0px; border-style: none; border-color: initial; box-sizing: border-box;"><section style="margin: 10px 0px; padding: 0px; text-align: center; box-sizing: border-box;"><section style="margin: 0px; padding: 0px; box-sizing: border-box;"><section style="margin: 0px; padding: 0px; float: left; width: 1.5em; box-sizing: border-box;"><section style="margin: 0px; padding: 0px; width: 0.6em; height: 0.6em; border-radius: 100%; box-sizing: border-box; background-color: rgb(249, 110, 87);"></section><img class="assistant" src="https://mmbiz.qlogo.cn/mmbiz_png/ianq03UUWGmIyxKD9AsYKVAlzQInSkLFE8n0xUhaItlFRfjueKzl2ZBMoDcwibW6iceClHHn2HSahCFrzFgECVH8Q/0" data-ratio="1" data-w="50" style="margin: -16px 0px 0px 0.3em; padding: 0px; max-width: 100%; height: auto !important; vertical-align: middle;"/></section><section style="margin: 0px 10px 0px 0px; padding: 0px; float: right; width: 1.5em; box-sizing: border-box;"><section style="margin: 0px -5px 0px 0px; padding: 0px; float: right; width: 0.6em; height: 0.6em; border-radius: 100%; box-sizing: border-box; background-color: rgb(249, 110, 87);"></section><img class="assistant" src="https://mmbiz.qlogo.cn/mmbiz_png/ianq03UUWGmIyxKD9AsYKVAlzQInSkLFEeib76e345VudOynTeyC5MywI0KygXicQId6CX4ibP6XCWezpGhmDws1Wg/0" data-ratio="1" data-w="50" style="margin: -5px 0px 0px; padding: 0px; max-width: 100%; height: auto !important; vertical-align: top; display: inline-block;"/></section><section style="margin: 0px; padding: 0px; clear: both; box-sizing: border-box;"></section></section><section class="135brush" style="margin: -10px 0px 10px; padding: 15px 25px; width: 556px; display: inline-block; box-sizing: border-box;"><p style="margin-top: 0px; margin-bottom: 0px; padding: 0px; clear: both;"><span style="margin: 0px; padding: 0px; color: rgb(73, 68, 41);">每个人的审美都有不同的标准，美貌、性格、才华、学习能力等等，都是可选的方向。</span><br style="margin: 0px; padding: 0px;"/></p></section><section style="margin: -25px 0px 0px; padding: 0px; box-sizing: border-box;"><section style="margin: 0px; padding: 0px; float: left; width: 1.5em; box-sizing: border-box;"><img class="assistant" src="https://mmbiz.qlogo.cn/mmbiz_png/ianq03UUWGmIyxKD9AsYKVAlzQInSkLFEnZChoOAHcgPVUggH72ed3pY1JobsiaXPE4liaQHx5xo2d73kSMuLHqPw/0" data-ratio="1" data-w="50" style="margin: 0px 0px -0.46em 0.26em; padding: 0px; max-width: 100%; height: auto !important; vertical-align: middle;"/><section style="margin: 0px; padding: 0px; width: 0.6em; height: 0.6em; border-radius: 100%; box-sizing: border-box; background-color: rgb(249, 110, 87);"></section></section><section style="margin: 0px 10px 0px 0px; padding: 0px; float: right; width: 1.5em; box-sizing: border-box;"><img class="assistant" src="https://mmbiz.qlogo.cn/mmbiz_png/ianq03UUWGmIyxKD9AsYKVAlzQInSkLFEheA3ZhAUHLDVXiajm1L2rkfJBBBDeK4qL4IlyjpSL8Laicnbriae0ibMFQ/0" data-ratio="1" data-w="50" style="margin: 0px 0.3em 0px 0px; padding: 0px; max-width: 100%; height: auto !important; vertical-align: middle;"/><section style="margin: -0.3em 0px 0px 1.2em; padding: 0px; width: 0.6em; height: 0.6em; border-radius: 100%; box-sizing: border-box; background-color: rgb(249, 110, 87);"></section></section><section style="margin: 0px; padding: 0px; clear: both; box-sizing: border-box;"></section></section></section></section><section class="_135editor" data-tools="135编辑器" data-id="2182" style="margin: 0px; padding: 0px; border-width: 0px; border-style: none; border-color: initial; box-sizing: border-box;"><section style="margin: 1em 0px 0.8em; padding: 0px; border-width: 0px; border-style: none; border-color: initial; clear: both; box-sizing: border-box;"><section style="margin: 0px; padding: 0px; font-size: 1.2em; font-weight: inherit; text-align: inherit; text-decoration: inherit; color: rgb(239, 112, 96); border-color: rgb(239, 112, 96); box-sizing: border-box;"><section style="margin: 0px 0px 0px 40px; padding: 0px; box-sizing: border-box;"><section style="margin: 0px; padding: 0px; display: inline-block; vertical-align: bottom; line-height: 1; font-size: 1.2em; box-sizing: border-box;"><section class="135brush" data-brushtype="text" style="margin: 0px; padding: 0px; box-sizing: border-box;"><strong style="font-size: 1.2em; text-align: inherit; text-decoration-line: inherit; margin: 0px; padding: 0px;"><span style="margin: 0px; padding: 0px; font-size: 18px;">参赛要求</span></strong></section></section></section></section></section></section><section class="_135editor" data-tools="135编辑器" data-id="2182" style="margin: 0px; padding: 0px; border-width: 0px; border-style: none; border-color: initial; box-sizing: border-box;"><section style="margin: 1em 0px 0.8em; padding: 0px; border-width: 0px; border-style: none; border-color: initial; clear: both; box-sizing: border-box;"><section style="margin: 0px; padding: 0px; font-size: 1.2em; font-weight: inherit; text-align: inherit; text-decoration: inherit; color: rgb(239, 112, 96); border-color: rgb(239, 112, 96); box-sizing: border-box;"><section style="margin: -10px 0px 0px; padding: 0px; height: 5px; box-sizing: border-box;"><section style="margin: 0px; padding: 0px; display: inline-block; height: 2px; width: 40px; font-size: 1.2em; transform-origin: right center 0px; color: rgb(255, 255, 255); background-color: rgb(239, 112, 96); transform: rotate(45deg);"></section><section data-width="80%" style="margin: 0px; padding: 0px; display: inline-block; height: 2px; width: 443.188px; font-size: 1.2em; color: rgb(255, 255, 255); box-sizing: border-box; background-color: rgb(239, 112, 96);"></section></section></section></section></section><section class="_135editor" data-tools="135编辑器" data-id="88097" style="margin: 0px; padding: 0px; border-width: 0px; border-style: none; border-color: initial; box-sizing: border-box;"><section style="margin: 10px 0px; padding: 0px; font-size: 24px; transform: translate3d(0px, 0px, 0px);"><section style="margin: 0px; padding: 0px; display: inline-block; vertical-align: middle; box-sizing: border-box;"><section style="margin: 0px; padding: 0px; width: 1.5em; height: 3em; line-height: 3em; border-top-right-radius: 2em; border-bottom-right-radius: 2em; text-align: center; color: rgb(255, 255, 255); font-size: 18px; box-sizing: border-box; background-color: rgb(253, 190, 173);"><section class="autonum" data-original-title="" title="" style="margin: 0px; padding: 0px; box-sizing: border-box;">1</section></section><img src="https://mmbiz.qlogo.cn/mmbiz_png/ziadDDQxbCJF7P1eficaxXO3xudUJQlicdueNt5ZCU8WcAWjqdFmsbohia8tGnaYkZ62tj2QWAhHvWpg1WSXEN0drQ/0" class="assistant" data-ratio="2" data-w="50" style="margin: -3em 0px 0px; padding: 0px; max-width: 100%; height: auto !important; float: left; vertical-align: middle; width: 1.5em !important; visibility: visible !important;"/></section><section style="margin: 0px; padding: 0px 0px 0px 10px; display: inline-block; vertical-align: middle; font-size: 18px; color: rgb(44, 39, 39); box-sizing: border-box;"><section style="margin: 0px; padding: 0px; box-sizing: border-box;"><span style="margin: 0px; padding: 0px; color: rgb(89, 89, 89);"><strong style="margin: 0px; padding: 0px;"><span class="135brush" data-brushtype="text" style="margin: 0px; padding: 0px; background-color: rgb(254, 255, 255);">注意事项</span></strong></span></section></section></section></section><section class="_135editor" data-tools="135编辑器" data-id="141" style="margin: 0px; padding: 0px; border-width: 0px; border-style: none; border-color: initial; box-sizing: border-box;"><section class="135brush" placeholder="上下渐变格式内容" style="margin: 0px; padding: 8px 30px; min-height: 1.5em; white-space: pre-wrap; line-height: 2em; color: rgb(255, 255, 255); border-color: rgb(173, 167, 105); box-sizing: border-box; background-image: -webkit-linear-gradient(top, rgb(172, 168, 131), rgb(233, 232, 223)); background-color: rgb(173, 167, 105);"><p style="margin-top: 0px; margin-bottom: 0px; padding: 0px; clear: both; text-align: justify; line-height: 24px; white-space: normal;">1.推荐人员需提供被推荐人员的姓名、图片、推荐理由</p><p style="margin-top: 0px; margin-bottom: 0px; padding: 0px; clear: both; text-align: justify; line-height: 24px; white-space: normal;">2.所有被推荐人员必须为南京邮电大学通达学院在校老师、员工或者学生。</p></section></section><section class="_135editor" data-tools="135编辑器" data-id="88097" style="margin: 0px; padding: 0px; border-width: 0px; border-style: none; border-color: initial; box-sizing: border-box;"><section style="margin: 10px 0px; padding: 0px; font-size: 24px; transform: translate3d(0px, 0px, 0px);"><section style="margin: 0px; padding: 0px; display: inline-block; vertical-align: middle; box-sizing: border-box;"><section style="margin: 0px; padding: 0px; width: 1.5em; height: 3em; line-height: 3em; border-top-right-radius: 2em; border-bottom-right-radius: 2em; text-align: center; color: rgb(255, 255, 255); font-size: 18px; box-sizing: border-box; background-color: rgb(253, 190, 173);"><section class="autonum" data-original-title="" title="" style="margin: 0px; padding: 0px; box-sizing: border-box;">2</section></section><img src="https://mmbiz.qlogo.cn/mmbiz_png/ziadDDQxbCJF7P1eficaxXO3xudUJQlicdueNt5ZCU8WcAWjqdFmsbohia8tGnaYkZ62tj2QWAhHvWpg1WSXEN0drQ/0" class="assistant" data-ratio="2" data-w="50" style="margin: -3em 0px 0px; padding: 0px; max-width: 100%; height: auto !important; float: left; vertical-align: middle; width: 1.5em !important; visibility: visible !important;"/></section><section style="margin: 0px; padding: 0px 0px 0px 10px; display: inline-block; vertical-align: middle; font-size: 18px; color: rgb(44, 39, 39); box-sizing: border-box;"><section style="margin: 0px; padding: 0px; box-sizing: border-box;"><span style="margin: 0px; padding: 0px; color: rgb(89, 89, 89);"><strong style="margin: 0px; padding: 0px;"><span class="135brush" data-brushtype="text" style="margin: 0px; padding: 0px; background-color: rgb(254, 255, 255);">参赛方式</span></strong></span></section></section></section></section><section class="_135editor" data-tools="135编辑器" data-id="141" style="margin: 0px; padding: 0px; border-width: 0px; border-style: none; border-color: initial; box-sizing: border-box;"><section class="135brush" placeholder="上下渐变格式内容" style="margin: 0px; padding: 8px 30px; min-height: 1.5em; white-space: pre-wrap; line-height: 2em; color: rgb(255, 255, 255); border-color: rgb(173, 167, 105); box-sizing: border-box; background-image: -webkit-linear-gradient(top, rgb(172, 168, 131), rgb(233, 232, 223)); background-color: rgb(173, 167, 105);"><p style="margin-top: 0px; margin-bottom: 0px; padding: 0px; clear: both; line-height: 24px; white-space: normal;">时间：</p><p style="margin-top: 0px; margin-bottom: 0px; padding: 0px; clear: both; line-height: 24px; white-space: normal;">1.11月17日开始征集最终竞选人员，11月20日征集结束</p><p style="margin-top: 0px; margin-bottom: 0px; padding: 0px; clear: both; line-height: 24px; white-space: normal;">2.报名方式与作品提交</p><p style="margin-top: 0px; margin-bottom: 0px; padding: 0px; clear: both; line-height: 24px; white-space: normal;">1）社联新闻信息部在11月17日开始查看推荐信息</p><p style="margin-top: 0px; margin-bottom: 0px; padding: 0px; clear: both; line-height: 24px; white-space: normal;">2）社联微信公众号在11月21号发最后竞选名单</p><p style="margin-top: 0px; margin-bottom: 0px; padding: 0px; clear: both; line-height: 24px; white-space: normal;">3.推荐人选需在17日至20日投稿，过期无效</p><p style="margin-top: 0px; margin-bottom: 0px; padding: 0px; clear: both; line-height: 24px; white-space: normal;">4.被推荐人员信息和推荐原因越详细越好</p></section></section><section class="_135editor" data-tools="135编辑器" data-id="88097" style="margin: 0px; padding: 0px; border-width: 0px; border-style: none; border-color: initial; box-sizing: border-box;"><section style="margin: 10px 0px; padding: 0px; font-size: 24px; transform: translate3d(0px, 0px, 0px);"><section style="margin: 0px; padding: 0px; display: inline-block; vertical-align: middle; box-sizing: border-box;"><section style="margin: 0px; padding: 0px; width: 1.5em; height: 3em; line-height: 3em; border-top-right-radius: 2em; border-bottom-right-radius: 2em; text-align: center; color: rgb(255, 255, 255); font-size: 18px; box-sizing: border-box; background-color: rgb(253, 190, 173);"><section class="autonum" data-original-title="" title="" style="margin: 0px; padding: 0px; box-sizing: border-box;">8</section></section><img src="https://mmbiz.qlogo.cn/mmbiz_png/ziadDDQxbCJF7P1eficaxXO3xudUJQlicdueNt5ZCU8WcAWjqdFmsbohia8tGnaYkZ62tj2QWAhHvWpg1WSXEN0drQ/0" class="assistant" data-ratio="2" data-w="50" style="margin: -3em 0px 0px; padding: 0px; max-width: 100%; height: auto !important; float: left; vertical-align: middle; width: 1.5em !important; visibility: visible !important;"/></section><section style="margin: 0px; padding: 0px 0px 0px 10px; display: inline-block; vertical-align: middle; font-size: 18px; color: rgb(44, 39, 39); box-sizing: border-box;"><section style="margin: 0px; padding: 0px; box-sizing: border-box;"><span style="margin: 0px; padding: 0px; color: rgb(89, 89, 89);"><strong style="margin: 0px; padding: 0px;"><span class="135brush" data-brushtype="text" style="margin: 0px; padding: 0px; background-color: rgb(254, 255, 255);">活动流程</span></strong></span></section></section></section></section><section class="_135editor" data-tools="135编辑器" data-id="141" style="margin: 0px; padding: 0px; border-width: 0px; border-style: none; border-color: initial; box-sizing: border-box;"><section class="135brush" placeholder="上下渐变格式内容" style="margin: 0px; padding: 8px 30px; min-height: 1.5em; white-space: pre-wrap; line-height: 2em; color: rgb(255, 255, 255); border-color: rgb(173, 167, 105); box-sizing: border-box; background-image: -webkit-linear-gradient(top, rgb(172, 168, 131), rgb(233, 232, 223)); background-color: rgb(173, 167, 105);"><p style="margin-top: 0px; margin-bottom: 0px; padding: 0px; clear: both; line-height: 24px; white-space: normal;">1、初次评选：<span style="margin: 0px; padding: 0px; letter-spacing: 0px;">11月17日至11月20日为推荐时间，大家推荐自己心目中的最美系列人员，20日晚上根据大家推荐的质量和点赞数，在五个最美活动中，各选出前五名进行最后竞选。</span></p><p style="margin-top: 0px; margin-bottom: 0px; padding: 0px; clear: both; line-height: 24px; white-space: normal;">2、最后竞选：社联微信公众号在11月21日上传最后竞选人员名单，至11月24日23.59分59秒投票截止，每个系列的第一名成为最后最美系列活动称号得主，11月27日公号公布人员名单。</p></section></section><section class="_135editor" data-tools="135编辑器" data-id="88097" style="margin: 0px; padding: 0px; border-width: 0px; border-style: none; border-color: initial; box-sizing: border-box;"><section style="margin: 10px 0px; padding: 0px; font-size: 24px; transform: translate3d(0px, 0px, 0px);"><section style="margin: 0px; padding: 0px; display: inline-block; vertical-align: middle; box-sizing: border-box;"><section style="margin: 0px; padding: 0px; width: 1.5em; height: 3em; line-height: 3em; border-top-right-radius: 2em; border-bottom-right-radius: 2em; text-align: center; color: rgb(255, 255, 255); font-size: 18px; box-sizing: border-box; background-color: rgb(253, 190, 173);"><section class="autonum" data-original-title="" title="" style="margin: 0px; padding: 0px; box-sizing: border-box;">4</section></section><img src="https://mmbiz.qlogo.cn/mmbiz_png/ziadDDQxbCJF7P1eficaxXO3xudUJQlicdueNt5ZCU8WcAWjqdFmsbohia8tGnaYkZ62tj2QWAhHvWpg1WSXEN0drQ/0" class="assistant" data-ratio="2" data-w="50" style="margin: -3em 0px 0px; padding: 0px; max-width: 100%; height: auto !important; float: left; vertical-align: middle; width: 1.5em !important; visibility: visible !important;"/></section><section style="margin: 0px; padding: 0px 0px 0px 10px; display: inline-block; vertical-align: middle; font-size: 18px; color: rgb(44, 39, 39); box-sizing: border-box;"><section style="margin: 0px; padding: 0px; box-sizing: border-box;"><span style="margin: 0px; padding: 0px; color: rgb(89, 89, 89);"><strong style="margin: 0px; padding: 0px;"><span class="135brush" data-brushtype="text" style="margin: 0px; padding: 0px; background-color: rgb(254, 255, 255);">活动联系人</span></strong></span></section></section></section></section><section class="_135editor" data-tools="135编辑器" data-id="141" style="margin: 0px; padding: 0px; border-width: 0px; border-style: none; border-color: initial; box-sizing: border-box;"><section class="135brush" placeholder="上下渐变格式内容" style="margin: 0px; padding: 8px 30px; min-height: 1.5em; white-space: pre-wrap; line-height: 2em; color: rgb(255, 255, 255); border-color: rgb(173, 167, 105); box-sizing: border-box; background-image: -webkit-linear-gradient(top, rgb(172, 168, 131), rgb(233, 232, 223)); background-color: rgb(173, 167, 105);"><p style="margin-top: 0px; margin-bottom: 0px; padding: 0px; clear: both; line-height: 24px; white-space: normal;"><span style="margin: 0px; padding: 0px; line-height: 28.5px; font-size: 19px;">社团联合会新闻信息部&nbsp;&nbsp;简俊杰&nbsp;</span></p><p style="margin-top: 0px; margin-bottom: 0px; padding: 0px; clear: both; line-height: 24px; white-space: normal;"><span style="margin: 0px; padding: 0px; line-height: 28.5px; font-size: 19px;">电话：15161862041&nbsp;</span></p><p style="margin-top: 0px; margin-bottom: 0px; padding: 0px; clear: both; line-height: 24px; white-space: normal;"><span style="margin: 0px; padding: 0px; line-height: 28.5px; font-size: 19px;">邮箱：228606182@qq.com &nbsp;</span></p><p style="margin-top: 0px; margin-bottom: 0px; padding: 0px; clear: both; line-height: 24px; white-space: normal;"><span style="margin: 0px; padding: 0px; line-height: 28.5px; font-size: 19px;">QQ:&nbsp;228606182</span></p></section></section><section class="_135editor" data-tools="135编辑器" data-id="87671" style="margin: 0px; padding: 0px; border-width: 0px; border-style: none; border-color: initial; box-sizing: border-box;"><section style="margin: 10px 0px; padding: 0px; text-align: center; box-sizing: border-box;"><section data-width="100%" style="margin: -1px 0px 0px; padding: 0px; display: inline-block; vertical-align: top; width: 554px; height: 1.2em; box-sizing: border-box;"><section style="margin: 0px; padding: 0px; float: left; box-sizing: border-box;"><section style="margin: 0px; padding: 0px; width: 1em; height: 1em; display: inline-block; border-bottom-right-radius: 100%; color: rgb(255, 255, 255); box-sizing: border-box; background-color: rgb(254, 254, 254);"></section><section style="margin: 0px; padding: 0px; display: inline-block; box-sizing: border-box;"><section style="margin: 0px 0px -0.3em -0.3em; padding: 0px; width: 7px; height: 7px; display: inline-block; border-radius: 100%; box-sizing: border-box; background-color: rgb(254, 254, 254);"></section><section style="margin: 0px 0px -0.2em; padding: 0px; width: 4px; height: 4px; display: inline-block; vertical-align: bottom; border-radius: 100%; box-sizing: border-box; background-color: rgb(254, 254, 254);"></section></section></section><section style="margin: 0px; padding: 0px; float: right; box-sizing: border-box;"><section style="margin: 0px; padding: 0px; display: inline-block; box-sizing: border-box;"><section style="margin: 0px 0px -0.2em; padding: 0px; width: 4px; height: 4px; display: inline-block; vertical-align: bottom; border-radius: 100%; box-sizing: border-box; background-color: rgb(254, 254, 254);"></section><section style="margin: 0px -0.3em -0.3em 0px; padding: 0px; width: 7px; height: 7px; display: inline-block; border-radius: 100%; box-sizing: border-box; background-color: rgb(254, 254, 254);"></section></section><section style="margin: -1px 0px 0px; padding: 0px; width: 1em; height: 1em; display: inline-block; border-bottom-left-radius: 100%; box-sizing: border-box; background-color: rgb(254, 254, 254);"></section></section><section style="margin: 0px; padding: 0px; clear: both; box-sizing: border-box;"></section></section><section data-width="100%" style="margin: -1.42em 0px -1.4em; padding: 20px 30px; width: 554px; color: rgb(172, 133, 2); box-sizing: border-box; background-color: rgb(254, 236, 175);"><section style="margin: 0px; padding: 0px; text-align: justify; box-sizing: border-box;"><section class="135brush" style="margin: 0px; padding: 0px; box-sizing: border-box;"><p style="margin-top: 0px; margin-bottom: 0px; padding: 0px; clear: both; text-align: center;"><span style="margin: 0px; padding: 0px; text-shadow: rgb(84, 141, 212) 2px 2px 10px;"><strong style="margin: 0px; padding: 0px;"><span style="margin: 0px; padding: 0px; font-size: 18px; text-shadow: rgb(84, 141, 212) 2px 2px 10px;">活动介绍就是这样，小伙伴们快抓紧时间去准备你心中最美系列的人选的介绍信息吧，越早推荐越有优势哦</span></strong></span></p></section></section></section><section data-width="100%" style="margin: 0px; padding: 0px; display: inline-block; vertical-align: bottom; width: 554px; height: 1em; box-sizing: border-box;"><section style="margin: 0px; padding: 0px; float: left; box-sizing: border-box;"><section style="margin: 0px; padding: 0px; width: 1em; height: 1em; display: inline-block; border-top-right-radius: 100%; color: rgb(255, 255, 255); box-sizing: border-box; background-color: rgb(254, 254, 254);"></section><section style="margin: 0px; padding: 0px; display: inline-block; box-sizing: border-box;"><section style="margin: 0px 0px -0.2em -0.2em; padding: 0px; width: 7px; height: 7px; display: inline-block; vertical-align: top; border-radius: 100%; box-sizing: border-box; background-color: rgb(254, 254, 254);"></section><section style="margin: -0.3em 0px 0px; padding: 0px; width: 4px; height: 4px; display: inline-block; vertical-align: top; border-radius: 100%; box-sizing: border-box; background-color: rgb(254, 254, 254);"></section></section></section><section style="margin: 0px; padding: 0px; float: right; box-sizing: border-box;"><section style="margin: 0px; padding: 0px; display: inline-block; box-sizing: border-box;"><section style="margin: -0.3em 0px 0px; padding: 0px; width: 4px; height: 4px; display: inline-block; vertical-align: top; border-radius: 100%; box-sizing: border-box; background-color: rgb(254, 254, 254);"></section><section style="margin: 0px -0.2em -0.2em 0px; padding: 0px; width: 7px; height: 7px; display: inline-block; vertical-align: top; border-radius: 100%; box-sizing: border-box; background-color: rgb(254, 254, 254);"></section></section><section style="margin: 0px; padding: 0px; width: 1em; height: 1em; display: inline-block; border-top-left-radius: 100%; box-sizing: border-box; background-color: rgb(254, 254, 254);"></section></section></section></section></section></section></section><p style="margin-top: 0px; margin-bottom: 0px; padding: 0px; clear: both; font-family: 微软雅黑; white-space: normal;"><br style="margin: 0px; padding: 0px;"/></p><p><br/></p><section data-role="paragraph" class="" style="margin: 0px; padding: 0px; font-family: 微软雅黑; white-space: normal; line-height: 25.6px; color: rgb(62, 62, 62); box-sizing: border-box;"><section class="" data-tools="135编辑器" data-id="87511" style="margin: 0px; padding: 0px; line-height: 22.4px; box-sizing: border-box;"><p style="margin-top: 0px; margin-bottom: 0px; padding: 0px; clear: both; line-height: 25.6px; text-align: center;"><strong style="margin: 0px; padding: 0px;">本期编辑：简俊杰</strong></p><p style="margin-top: 0px; margin-bottom: 0px; padding: 0px; clear: both; line-height: 25.6px; text-align: center;"><strong style="margin: 0px; padding: 0px; line-height: 25.6px;">本期审核：新闻信息部</strong></p></section></section><p><br/></p><p><br/></p>', '/activity\\20170502\\1b0e4a662857d3c1f9e81020e63a851a.jpg', '', '通达校园', NULL, '1', ''),
(7, 13, 0, 'asfdasd', '2017-05-07 ', '2017-05-06 ', 1493872914, 'qwewqe', '<p>12312312</p>', '/activity\\20170504\\06ec34fd1c5054c17768fc1f6d61a4a1.jpg', '/cehua\\20170504\\5b35e1bc4bd227a68b66a4a06516073d.doc', '食堂门口', NULL, '1', '');

-- --------------------------------------------------------

--
-- 表的结构 `faith_community`
--

CREATE TABLE `faith_community` (
  `community_id` int(11) UNSIGNED NOT NULL,
  `registered_id` int(11) UNSIGNED NOT NULL,
  `create_time` int(11) UNSIGNED DEFAULT NULL,
  `community_name` varchar(50) NOT NULL,
  `community_type` varchar(20) DEFAULT NULL,
  `community_introduce` text,
  `community_reason` text,
  `community_status` tinyint(1) NOT NULL DEFAULT '0'
) ENGINE=InnoDB DEFAULT CHARSET=utf8;

--
-- 转存表中的数据 `faith_community`
--

INSERT INTO `faith_community` (`community_id`, `registered_id`, `create_time`, `community_name`, `community_type`, `community_introduce`, `community_reason`, `community_status`) VALUES
(1, 14210324, 1493519267, '社团联合会', '文化体育类', '学生社团联合会是在校团委的直接领导下，管理社团日常工作，服务社团发展的学生组织。管辖着包涵文学学术、实践服务、艺术文化、爱好兴趣、体育运动的功能丰富类型兼备的学生社团组织。目前社联主席团以下下设八个部门。', NULL, 1),
(2, 16530219, 1493651778, '英语协会', '文化体育类', 'The Voice Of Dreams\r\n英语协会是成立于2012年10月4日的社联领导下的非盈利性的综合性社团。', NULL, 1),
(3, 16530218, 1493655591, '4+1街舞社', '文化体育类', '4+1街舞社\r\n大多数人想要改变这个世界，却罕有人想改造自己。', NULL, 1),
(4, 14210315, 1493655925, '流火轮滑社', '文化体育类', '流火轮滑社是2012年经学校批准成立的直排轮爱好者自行发起和组织的校园社团。', NULL, 1),
(5, 16240135, 1493656682, '时光魅影摄影团', '文化体育类', ' 南邮通达时光魅影摄影团成立于2012年，是一个集文艺、公益、娱乐性社团，宗旨在于弘扬摄影文化、提升学生素养。', NULL, 1),
(6, 15410206, 1493656786, '起灵舞蹈社', '文化体育类', '起灵舞蹈社以团结、刻苦、自信、美丽为社团宗旨，长期开展舞蹈类活动，有古典舞、现代舞、健美操、拉丁、恰恰等舞种。', NULL, 1),
(7, 16110216, 1493656897, '耽悦表演社', '文化体育类', ' 无表演 不精彩 无耽悦 不欢悦，本社团由学生自发组织，活动健康向上，有益于同学们的身心发展，丰富校园的文化生活，属于非营利性学生社会实践组织。\r\n', NULL, 1),
(8, 16530221, 1493657076, '疾影漂移社团', '文化体育类', ' 疾影漂移社立志于为滑板运动爱好者提供一个互相学习、互相交流的平台，上帝没有给我们翅膀，却让轮子带我们飞翔。\r\n', NULL, 1),
(9, 16520114, 1493658363, '吉他社', '文化体育类', '吉他社是一个有特色、有活力、能激发你的音乐细胞细胞、动荡你的心灵音符的组织。', NULL, 1),
(10, 16310206, 1493657856, '裁判社', '文化体育类', '裁判社是一个以篮球的裁判项目为主的社团，其中包括裁判人员的训练以及各类各种篮球比赛的裁判任务', NULL, 1),
(11, 16520324, 1493658566, '读书协会', '文化体育类', '读书协会以提升校园人文素质为己任，激发同学们的读书兴趣，传播文化，传播思想，丰富大学生活，充实精神世界，共建良好的读书氛围，激发思想的碰撞。', NULL, 1),
(12, 16530115, 1493658785, '慢跑社', '文化体育类', '   跑步社是由热爱运动，崇尚健康，有着顽强毅力的学子为基础而组成的社团组织。', NULL, 1),
(13, 14210316, 1493870728, '少帅', '学术科技类', '1234                       ', '124125412                                       ', -1);

-- --------------------------------------------------------

--
-- 表的结构 `faith_communityimg`
--

CREATE TABLE `faith_communityimg` (
  `img_id` int(11) UNSIGNED NOT NULL,
  `community_id` int(11) UNSIGNED DEFAULT NULL,
  `img_listorder` int(11) UNSIGNED NOT NULL,
  `community_image` varchar(100) CHARACTER SET utf8 DEFAULT NULL
) ENGINE=InnoDB DEFAULT CHARSET=latin1;

--
-- 转存表中的数据 `faith_communityimg`
--

INSERT INTO `faith_communityimg` (`img_id`, `community_id`, `img_listorder`, `community_image`) VALUES
(2, 12, 0, '/community\\20170502\\8420fa236b4c44f95fbd9c257ce5df73.jpg'),
(3, 12, 0, '/community\\20170502\\ddfd0103eee24f9671e27cff4dc6712f.jpg'),
(4, 12, 0, '/community\\20170502\\968c2ac2547c347f55bd20b69fc3227a.jpg'),
(7, 11, 1, '/community\\20170502\\66d10a90558ce625c38f74a8c3098fc0.jpg'),
(8, 11, 2, '/community\\20170502\\3f89d6c684c87ff1d7a09e173f11b736.jpg'),
(9, 1, 1, '/community\\20170502\\b11f9f2c3e84c259687eb502980a8e90.jpg'),
(10, 1, 2, '/community\\20170502\\8fd0fc1024e82258ece8cb9044d1e78b.jpg'),
(11, 1, 3, '/community\\20170502\\c90efe40a550bc072a950a47c02080f7.jpg'),
(12, 10, 1, '/community\\20170502\\379668457640bdba84c6df7fe82d00aa.jpg'),
(13, 10, 2, '/community\\20170502\\74e779690f8af7f5dac16944158b79ef.jpg'),
(14, 10, 3, '/community\\20170502\\972a440eaa03b57ce0110a1a5293b6d3.jpg'),
(15, 9, 1, '/community\\20170502\\7556c2565de1c715ba9a9310db9a3cf5.jpg'),
(16, 9, 2, '/community\\20170502\\07408088c900b314e51932939badd49a.jpg'),
(17, 9, 3, '/community\\20170502\\7f53a018b4317987451b957ab9568b0a.jpg'),
(18, 8, 1, '/community\\20170502\\f2d51fdbaf28fc0027a91be5eafcd7c6.jpg'),
(19, 8, 2, '/community\\20170502\\707cc17d1bb801ec2521cc2efcaed236.jpg'),
(20, 8, 3, '/community\\20170502\\aeaec70dd23012e7b549a0c0a732e6d6.jpg'),
(21, 7, 1, '/community\\20170502\\9f9520de82ba2855eaeeb5ff9041ba50.jpg'),
(22, 7, 2, '/community\\20170502\\dae027d8be77448ec50b58fa30074313.jpg'),
(23, 7, 3, '/community\\20170502\\176ad6d0baa6918f1805a78607a2e54a.jpg'),
(24, 6, 1, '/community\\20170502\\7b7cac527cfe9113f7adff7dcffa517e.jpg'),
(25, 6, 2, '/community\\20170502\\1d17a628780ada795d0cf138a62ba8b3.jpg'),
(26, 6, 3, '/community\\20170502\\38925bcc7f93c7b4d55b4d89d11da4d7.jpg'),
(27, 5, 1, '/community\\20170502\\68018ef52671873881b3fce15f15ada1.jpg'),
(28, 5, 2, '/community\\20170502\\42235f6892fed460b41b452b75e96aee.jpg'),
(29, 5, 3, '/community\\20170502\\3fa450f257658b588d0aec770c314a91.jpg'),
(30, 4, 1, '/community\\20170502\\8f5125d9eb79bfb5f8072ffe70105f55.jpg'),
(31, 4, 2, '/community\\20170502\\065bf4b14f5a68d2fbdd26717784544a.jpg'),
(32, 4, 3, '/community\\20170502\\5dc98ef240206b37b0df510ffcde4e40.jpg'),
(33, 3, 1, '/community\\20170502\\39a85cd893a503c1304738d3f7b3c396.jpg'),
(34, 3, 2, '/community\\20170502\\7a9f236b0d172d25bf190681b7d60d06.jpg'),
(35, 3, 3, '/community\\20170502\\3a4b30c7a9ee6e0b0010fc8c4168a627.jpg'),
(36, 2, 1, '/community\\20170502\\bf25370bff95313ed0d288a84a7729df.jpg'),
(37, 2, 2, '/community\\20170502\\41cd5bd1dc4b41ef27fc67377e1f88f9.jpg'),
(38, 2, 3, '/community\\20170502\\dcac38cf7862a50513b717bebd424753.jpg'),
(39, 13, 0, '/community\\20170504\\5e07930d559fd61c7f879964a0d74c71.jpg'),
(40, 13, 1, '/community\\20170504\\e34273d48445c9f74fa5f17add1aac94.jpeg');

-- --------------------------------------------------------

--
-- 表的结构 `faith_communityinfo`
--

CREATE TABLE `faith_communityinfo` (
  `community_id` int(11) UNSIGNED NOT NULL,
  `community_deputyid` int(11) UNSIGNED DEFAULT NULL,
  `community_star` varchar(20) NOT NULL DEFAULT '一星级',
  `community_logo` varchar(100) DEFAULT NULL,
  `editorValue` varchar(2000) DEFAULT NULL
) ENGINE=InnoDB DEFAULT CHARSET=utf8;

--
-- 转存表中的数据 `faith_communityinfo`
--

INSERT INTO `faith_communityinfo` (`community_id`, `community_deputyid`, `community_star`, `community_logo`, `editorValue`) VALUES
(1, NULL, '五星级', '/community\\20170430\\9e48a07bfaf1a0a19db90a3d72e64db4.png', '<p>最牛逼的<br/></p>'),
(2, 16530218, '五星级', '/communitylogo\\20170501\\ac8ea2437e7323501d9d9054b85ddccf.jpg', '<section class="" data-brushtype="text" style="margin: 5px 15px 0px 0px; padding: 0px; max-width: 100%; font-family: 微软雅黑; text-align: center; white-space: normal; background-color: rgb(255, 255, 255); font-size: 18px; color: rgb(70, 70, 72); font-weight: bold; float: left; box-sizing: border-box !important; word-wrap: break-word !important;">The Voice Of Dreams</section><p></p><section class="" style="margin: 15px 0px 0px; padding: 0px; max-width: 100%; font-family: 微软雅黑; text-align: center; white-space: normal; background-color: rgb(255, 255, 255); font-size: 14px; color: rgb(6, 6, 6); box-sizing: border-box !important; word-wrap: break-word !important;"><br/></section><section class="" style="margin: 15px 0px 0px; padding: 0px; max-width: 100%; font-family: 微软雅黑; text-align: center; white-space: normal; background-color: rgb(255, 255, 255); font-size: 14px; color: rgb(6, 6, 6); box-sizing: border-box !important; word-wrap: break-word !important;">英语协会是成立于2012年10月4日的社联领导下的非盈利性的综合性社团。在于培养并增强学生对英语学习的兴趣，感受英语语言的魅力，提高英语学习的水平，同时给予学生以锻炼领导能力和管理能力的平台。营造校园文化氛围，丰富学生精神文化生活，激发学生对英语学习的兴趣，给有梦想的人一个舞台。更具有专业性，知识性而不失趣味。让你在活动中轻松寻觅学习英语的乐趣。</section><p></p><p><br/></p>'),
(3, 16530219, '五星级', '/communitylogo\\20170502\\2cfd9578519ffc6fb87595fb75b6e67e.jpg', '<section class="" data-brushtype="text" style="margin: 5px 15px 0px 0px; padding: 0px; max-width: 100%; font-family: 微软雅黑; text-align: center; white-space: normal; background-color: rgb(255, 255, 255); font-size: 18px; color: rgb(70, 70, 72); font-weight: bold; float: left; box-sizing: border-box !important; word-wrap: break-word !important;"><span style="margin: 0px; padding: 0px; max-width: 100%; box-sizing: border-box !important; word-wrap: break-word !important;">4+1街舞社</span></section><p></p><section class="" style="margin: 15px 0px 0px; padding: 0px; max-width: 100%; font-family: 微软雅黑; text-align: center; white-space: normal; background-color: rgb(255, 255, 255); font-size: 14px; color: rgb(6, 6, 6); box-sizing: border-box !important; word-wrap: break-word !important;"><p style="margin-top: 15px; margin-bottom: 0px; padding: 0px; max-width: 100%; clear: both; min-height: 1em; box-sizing: border-box !important; word-wrap: break-word !important;">大多数人想要改变这个世界，却罕有人想改造自己。这是一个足可以让你改造自己的舞台。用欲望来提升自己的热忱，用毅力来磨平前面的高山。要相信每一次发奋努力的背后，必有加倍的赏赐。</p><p style="margin-top: 15px; margin-bottom: 0px; padding: 0px; max-width: 100%; clear: both; min-height: 1em; box-sizing: border-box !important; word-wrap: break-word !important;"><span style="margin: 0px; padding: 0px; max-width: 100%; box-sizing: border-box !important; word-wrap: break-word !important;">Keep On Dancing And We Never Stop!</span></p></section><p></p><p><br/></p>'),
(4, NULL, '四星级', '/communitylogo\\20170502\\92fd9388286e0f4613b300e8f6dd6b71.jpg', '<p style="margin-top: 15px; margin-bottom: 0px; padding: 0px; max-width: 100%; clear: both; min-height: 1em; font-family: 微软雅黑; text-align: center; white-space: normal; background-color: rgb(255, 255, 255); font-size: 14px; color: rgb(6, 6, 6); box-sizing: border-box !important; word-wrap: break-word !important;">流火轮滑社是2012年经学校批准成立的直排轮爱好者自行发起和组织的校园社团。社团以训练培养轮滑爱好者，追求运动和艺术融合美感为目的，发展我校学生的业余爱好，仿佛在校生活。社团提倡追求自己的个性，，张扬自己的异样的风采。主旨在通过轮滑运动活跃同学们的业余生活，练就一个健康灵巧的身体；培养一种不怕苦累痛坚毅顽强的性格；建筑一种拥有“互助，虚心，礼貌，团结”概念的高尚品德，达到锻炼身体，以及促进社员交流，提高轮滑技艺的效果。努力把轮滑社做成一个能融入扬州轮滑界，带动扬州高校联盟之间的试点基地！</p><p><br/></p>'),
(5, 16540315, '四星级', '/communitylogo\\20170502\\3ab0719843915ca41395c142bb06714b.jpg', '<p><span style="color: rgb(62, 62, 62); font-family: &quot;Helvetica Neue&quot;, Helvetica, &quot;Hiragino Sans GB&quot;, &quot;Microsoft YaHei&quot;, Arial, sans-serif; background-color: rgb(250, 250, 250);">&nbsp;南邮通达时光魅影摄影团成立于2012年，是一个集文艺、公益、娱乐性社团，宗旨在于弘扬摄影文化、提升学生素养。社团的长期目标发展目标是建立一个拥有自身特色，拥有大量写作、绘画、摄影、宣传人才的，具有一定规模的创新型文艺社团。只要你有一颗热爱摄影的心，时光魅影都是你的不二之选。</span></p>'),
(6, 16530115, '二星级', '/communitylogo\\20170502\\aba73785f971753f584de2fb42eb737c.jpg', '<p style="margin-top: 0px; margin-bottom: 0px; padding: 0px; max-width: 100%; clear: both; min-height: 1em; color: rgb(62, 62, 62); font-family: &quot;Helvetica Neue&quot;, Helvetica, &quot;Hiragino Sans GB&quot;, &quot;Microsoft YaHei&quot;, Arial, sans-serif; white-space: normal; background-color: rgb(250, 250, 250); box-sizing: border-box !important; word-wrap: break-word !important;">起灵舞蹈社以团结、刻苦、自信、美丽为社团宗旨，长期开展舞蹈类活动，有古典舞、现代舞、健美操、拉丁、恰恰等舞种。欢迎有基础和零基础的同学加入，想做气质女生和健美男生吗？那一定不要错过起灵舞社，快来加入我们吧。</p><p><br/></p>'),
(7, NULL, '四星级', '/communitylogo\\20170502\\2d7e351635973ab6acf934d3188dcefe.jpg', '<p style="margin-top: 0px; margin-bottom: 0px; padding: 0px; max-width: 100%; clear: both; min-height: 1em; color: rgb(62, 62, 62); font-family: &quot;Helvetica Neue&quot;, Helvetica, &quot;Hiragino Sans GB&quot;, &quot;Microsoft YaHei&quot;, Arial, sans-serif; white-space: normal; background-color: rgb(250, 250, 250); box-sizing: border-box !important; word-wrap: break-word !important;">&nbsp;无表演 不精彩 无耽悦 不欢悦，本社团由学生自发组织，活动健康向上，有益于同学们的身心发展，丰富校园的文化生活，属于非营利性学生社会实践组织。我们为学生们提供一个相互了解、展示的艺术平台，锻炼社团内部人员各方面的能力，营造一个积极向上的氛围。<span style="margin: 0px; padding: 0px; max-width: 100%; box-sizing: border-box !important; word-wrap: break-word !important; font-size: 14px;"></span></p><p><br/></p>'),
(8, 16250201, '四星级', '/communitylogo\\20170502\\290aa5c79eb8f04e917400d6c0a34b24.jpg', '<p><span style="color: rgb(62, 62, 62); font-family: &quot;Helvetica Neue&quot;, Helvetica, &quot;Hiragino Sans GB&quot;, &quot;Microsoft YaHei&quot;, Arial, sans-serif; background-color: rgb(250, 250, 250);">疾影漂移社立志于为滑板运动爱好者提供一个互相学习、互相交流的平台，上帝没有给我们翅膀，却让轮子带我们飞翔。为喜爱漂移运动的校友们提供系统的训练，让大家在快乐中学习，在学习中体验漂移板运动的魅力，丰富大学生活、强身健体。</span></p>'),
(9, 16530218, '三星级', '/communitylogo\\20170502\\c8cabc3fecc7f37d20613d51582385a4.jpg', '<p>吉他社是一个有特色、有活力、能激发你的音乐细胞细胞、动荡你的心灵音符的组织。吉他社是个挥洒青春、放飞梦想的地方，是个朝气蓬勃的社团组织，在未来的日子里我们全体社员将携手并进，共同打造出一片吉他爱好者的新天地，并为学校美好的明天添上灿烂的一笔！</p>'),
(10, 16530219, '三星级', '/communitylogo\\20170502\\736b4a4cdcf0eab7e0dcdaae4975e989.jpg', '<p><span style="color: rgb(51, 51, 51); font-family: Tahoma, Verdana, STHeiTi, simsun, sans-serif; font-size: 14px; background-color: rgb(255, 255, 255);">裁判社是一个以篮球的裁判项目为主的社团，其中包括裁判人员的训练以及各类各种篮球比赛的裁判任务。它服务面向于全校各院。裁判协会多次派人为口腔学院和药学院的篮球比赛担任裁判。裁判社虽然人数不多，但个个都是精英中的精英，每个人都能胜任各类篮球比赛的裁判工作，小至班级篮球赛，大至校级篮球赛。裁判社是个与众不同的协会，它不像别的社团一样，一年四季一直都有事。裁判协会主要的活跃期在每年的新学期开学之初以及临近暑假的学期末。</span></p>'),
(11, 16530218, '四星级', '/communitylogo\\20170502\\1bef8d632343a54744eeb9c5f3b7b2f9.jpg', '<p>读书协会以提升校园人文素质为己任，激发同学们的读书兴趣，传播文化，传播思想，丰富大学生活，充实精神世界，共建良好的读书氛围，激发思想的碰撞。会员之间观点多元，各位会员之间探讨最近的阅读或研究的课题，使协会成为新思想的发源地。</p>'),
(12, 16530221, '一星级', '/communitylogo\\20170502\\e023347e184a4a4eb77b0ee755045be7.jpg', '<p>跑步社是由热爱运动，崇尚健康，有着顽强毅力的学子为基础而组成的社团组织。为增强学院学生身体素质，创建一个良好的交流平台，积极参加社会性活动，为增加学院知名度而努力发展。</p>');

-- --------------------------------------------------------

--
-- 表的结构 `faith_join`
--

CREATE TABLE `faith_join` (
  `join_id` int(11) UNSIGNED NOT NULL,
  `community_id` int(11) UNSIGNED NOT NULL,
  `registered_id` int(11) UNSIGNED NOT NULL,
  `join_specialty` text,
  `join_reason` text,
  `join_status` tinyint(1) NOT NULL DEFAULT '0',
  `join_time` int(11) UNSIGNED DEFAULT NULL
) ENGINE=InnoDB DEFAULT CHARSET=utf8;

--
-- 转存表中的数据 `faith_join`
--

INSERT INTO `faith_join` (`join_id`, `community_id`, `registered_id`, `join_specialty`, `join_reason`, `join_status`, `join_time`) VALUES
(1, 1, 16240102, '腿特长                             ', '感兴趣', 1, 1493720812),
(2, 3, 16240102, ' 从小练习街舞                                          ', '我很热爱街舞                            ', 0, 1493722286),
(3, 1, 16270113, '性格外向，喜欢与人交朋友                 ', '我想锻炼自己                      ', 0, 1493724708),
(4, 2, 16270113, '英语口语还不错                                            ', '我想继续锻炼我的口语交流能力，并且多交一些好朋友                                           ', 1, 1493724860),
(5, 4, 16270116, '身体素质还行，热爱运动                                 ', '对轮滑感兴趣，而且这里有很多同样对轮滑感兴趣的小伙伴                                           ', 0, 1493725250),
(6, 3, 16270116, '对英语十分热爱                                         ', '希望能在这里找到志同道合的小伙伴                                 ', 1, 1493725407),
(7, 9, 16270116, '热爱音乐                                       ', '从小就对音乐又十分浓厚的兴趣，希望可以继续发展下去                                ', 0, 1493725520),
(8, 6, 16270120, '有舞蹈基础                                    ', '从小练习舞蹈，希望能继续在这个社团学习，让我舞出灵魂      ', 0, 1493725956),
(9, 7, 16270120, '热爱表演并且无法自拔', '我想在这个社团继续发展的表演技术                                ', 0, 1493726590),
(10, 1, 16270232, '没什么特长', '希望能在这个社团里面多锻炼锻炼自己的能力和胆识                           ', -1, 1493726894),
(11, 5, 16270232, '性格温和，特别安静                                    ', '想学习摄影这门技术                       ', 0, 1493726979),
(12, 1, 16520112, '性格外向，喜欢与人交朋友                       ', '希望在这个社团里面能多多锻炼自己                                          ', 1, 1493727251),
(13, 11, 16520112, '性格比较内向，安静                                       ', '希望在这里能找到有同样兴趣的小伙伴一起交流学习，看书，分享', 1, 1493727350),
(14, 10, 16520303, '性格外向，爱好公平正义                                       ', '对这个社团十分感兴趣                                   ', 0, 1493727633),
(15, 6, 16520303, '热爱舞蹈', '希望自己的舞能越跳越好                        ', 0, 1493727773),
(16, 1, 16540118, '性格外向，喜欢与人交朋友                                       ', '希望能在这个社团里面多锻炼锻炼自己的能力和胆识                                        ', 1, 1493727956),
(17, 8, 16540118, '热爱运动', '对轮滑感兴趣，而且这里有很多同样对轮滑感兴趣的小伙伴', 1, 1493728037),
(18, 1, 16540322, '性格外向，喜欢与人交朋友	                         ', '希望在这个社团里面能多多锻炼自己                          ', 1, 1493728278),
(19, 3, 16540322, '热爱舞蹈', '希望自己的舞能越跳越好                           ', 1, 1493728334),
(20, 1, 14210316, '腿很长                                        ', '没有·                                            ', -1, 1493870653);

-- --------------------------------------------------------

--
-- 表的结构 `faith_joinactivity`
--

CREATE TABLE `faith_joinactivity` (
  `joinactivity_id` int(11) UNSIGNED NOT NULL,
  `activity_id` int(11) UNSIGNED NOT NULL,
  `registered_id` int(11) UNSIGNED NOT NULL,
  `joinactivity_status` tinyint(1) NOT NULL DEFAULT '1'
) ENGINE=InnoDB DEFAULT CHARSET=utf8;

--
-- 转存表中的数据 `faith_joinactivity`
--

INSERT INTO `faith_joinactivity` (`joinactivity_id`, `activity_id`, `registered_id`, `joinactivity_status`) VALUES
(1, 4, 16240102, 1),
(2, 6, 16240102, 1),
(3, 5, 16270113, 1),
(4, 6, 16270113, 1),
(5, 4, 16270113, 1),
(6, 1, 16270116, 1),
(7, 5, 16270116, 1),
(8, 6, 16270116, 1),
(9, 4, 16270116, 1),
(10, 1, 16270120, 1),
(11, 4, 16270120, 1),
(12, 1, 16270232, 1),
(13, 5, 16270232, 1),
(14, 6, 16270232, 1),
(15, 1, 16520112, 1),
(16, 5, 16520112, 1),
(17, 6, 16520112, 1),
(18, 1, 16520303, 1),
(19, 5, 16520303, 1),
(20, 6, 16520303, 1),
(21, 1, 16540118, 1),
(22, 5, 16540118, 1),
(23, 6, 16540118, 1),
(24, 1, 16540322, 1),
(25, 5, 16540322, 1);

-- --------------------------------------------------------

--
-- 表的结构 `faith_member`
--

CREATE TABLE `faith_member` (
  `registered_id` int(11) UNSIGNED NOT NULL,
  `community_id` int(11) UNSIGNED DEFAULT NULL,
  `root_id` int(11) UNSIGNED DEFAULT NULL,
  `member_avatar` varchar(100) DEFAULT NULL,
  `member_name` varchar(20) DEFAULT NULL,
  `member_major` varchar(30) DEFAULT NULL,
  `member_sex` varchar(4) NOT NULL DEFAULT '男',
  `member_birth` varchar(20) DEFAULT '17-04-18',
  `member_qq` int(15) UNSIGNED DEFAULT NULL,
  `member_phonenum` varchar(20) DEFAULT NULL,
  `member_address` varchar(50) DEFAULT NULL,
  `member_status` tinyint(1) NOT NULL DEFAULT '1'
) ENGINE=InnoDB DEFAULT CHARSET=utf8;

--
-- 转存表中的数据 `faith_member`
--

INSERT INTO `faith_member` (`registered_id`, `community_id`, `root_id`, `member_avatar`, `member_name`, `member_major`, `member_sex`, `member_birth`, `member_qq`, `member_phonenum`, `member_address`, `member_status`) VALUES
(14210315, 4, 2, '', '', '计算机科学与技术', '男', '17-04-18', 0, '', '', 1),
(14210316, 13, 2, '/avataruser\\20170504\\e04a039330c585c1cefb777d2120df85.png', 'shuai', '计算机科学与技术', '男', '17-04-11', 997467191, '15605272171', '8516', 1),
(14210324, 1, 3, '/avatar\\20170430\\e927021be5d16bdeb025e357155ac037.png', 'STEVEN', '计算机科学与技术', '男', '17-04-13', 934547890, '15605272171', '8522', 1),
(14210327, NULL, 3, '', '', '计算机科学与技术', '男', '17-04-18', 0, '', '', 1),
(14220222, NULL, NULL, NULL, '雪碧', '计算机科学与技术(嵌入式培养)', '男', '17-04-19', 244007105, '15605272902', '8547', 1),
(15410206, 6, 2, '', '', '电气工程及其自动化', '男', '17-04-18', 0, '', '', 1),
(16110216, 7, 2, '', '', '通信工程', '男', '17-04-18', 0, '', '', 1),
(16240102, NULL, 1, '', '', '电子商务', '女', '17-04-18', 614070551, '', '', 1),
(16240135, 5, 2, '', '', '软件工程(嵌入式培养)', '男', '17-04-18', 0, '', '', 1),
(16250201, NULL, 1, '', '', '网络工程', '女', '17-04-18', 0, '', '', 1),
(16270113, NULL, 1, '', '', '数字媒体技术', '男', '17-04-18', 1436469270, '', '', 1),
(16270115, NULL, NULL, '', '', '数字媒体技术', '女', '17-04-18', 0, '', '', 1),
(16270116, NULL, 1, '', '', '数字媒体技术', '男', '17-04-18', 1156053014, '', '', 1),
(16270120, NULL, NULL, '', '', '数字媒体技术', '男', '17-04-18', 1425897279, '', '', 1),
(16270232, NULL, NULL, '', '', '数字媒体技术', '男', '17-04-18', 1073768840, '', '', 1),
(16310206, 10, 2, '', '', '电子科学与技术', '女', '17-04-18', 0, '', '', 1),
(16520112, NULL, 1, '', '', '物流管理', '女', '17-04-18', 835316837, '', '', 1),
(16520114, 9, 2, '', '', '物流管理', '女', '17-04-18', 0, '', '', 1),
(16520303, NULL, NULL, '', '', '物流管理', '女', '17-04-18', 1424974039, '', '', 1),
(16520323, NULL, NULL, '', '', '物流管理', '女', '17-04-18', 0, '', '', 1),
(16520324, 11, 2, '', '', '物流管理', '女', '17-04-18', 0, '', '', 1),
(16530115, 12, 2, '', '', '信息管理与信息系统', '女', '17-04-18', 0, '', '', 1),
(16530218, 3, 2, '', '', '信息管理与信息系统', '男', '17-04-18', 0, '', '', 1),
(16530219, 2, 2, '', '', '信息管理与信息系统', '男', '17-04-18', 0, '', '', 1),
(16530221, 8, 2, '', '', '信息管理与信息系统', '男', '17-04-18', 0, '', '', 1),
(16540118, NULL, 1, '', '', '电子商务', '女', '17-04-18', 1461740298, '', '', 1),
(16540315, NULL, 1, '', '', '电子商务', '女', '17-04-18', 0, '', '', 1),
(16540322, NULL, 1, '', '', '电子商务', '女', '17-04-18', 1983058327, '', '', 1);

-- --------------------------------------------------------

--
-- 表的结构 `faith_msg`
--

CREATE TABLE `faith_msg` (
  `msg_id` int(10) UNSIGNED NOT NULL COMMENT '消息ID',
  `uid` int(11) UNSIGNED NOT NULL,
  `recive_uid` int(10) UNSIGNED DEFAULT NULL,
  `send_uid` int(10) UNSIGNED DEFAULT NULL,
  `status` tinyint(3) UNSIGNED DEFAULT '1',
  `msg_title` char(200) DEFAULT NULL,
  `msg_text` text,
  `create_time` int(10) UNSIGNED DEFAULT NULL
) ENGINE=InnoDB DEFAULT CHARSET=utf8;

--
-- 转存表中的数据 `faith_msg`
--

INSERT INTO `faith_msg` (`msg_id`, `uid`, `recive_uid`, `send_uid`, `status`, `msg_title`, `msg_text`, `create_time`) VALUES
(45, 4, 14210324, NULL, 1, '系统消息', '尊敬的社长你好，沈承亮，您的社团联合会的十佳社团评比活动已审批通过！', 1493345786),
(46, 4, 14210324, NULL, 1, '系统消息', '尊敬的社长你好，沈承亮，您的社团联合会的十佳社团评比活动已审批通过！', 1493345832),
(47, 4, 14210324, NULL, 1, '系统消息', '尊敬的社长你好，沈承亮，您的社团联合会的十佳社团评比活动已被驳回！', 1493345883),
(48, 4, 14210324, NULL, 1, '系统消息', '尊敬的社长你好，沈承亮，您的社团联合会的十佳社团评比活动已被驳回！', 1493345884),
(49, 4, 14210324, NULL, 1, '系统消息', '尊敬的社长你好，沈承亮，您的社团联合会的十佳社团评选活动已提交至管理员审核，请耐心等待，审核结果将会通过邮件发送至您邮箱！', 1493521919),
(50, 4, 14210327, NULL, 1, '系统消息', '恭喜，陶灿，您被任命为社长，您现在可以登录系统后台', 1493529162),
(51, 4, 14210324, NULL, 1, '系统消息', '尊敬的社长你好，沈承亮，您的社团联合会的十佳社团评选2活动已提交至管理员审核，请耐心等待，审核结果将会通过邮件发送至您邮箱！', 1493538750),
(52, 4, 14210324, NULL, 1, '系统消息', '尊敬的社长你好，沈承亮，您的社团联合会的十佳社团评选2活动已被驳回！', 1493539364),
(53, 4, 14210324, NULL, 1, '系统消息', '尊敬的社长你好，沈承亮，您的社团联合会的十佳社团评选2活动已提交至管理员审核，请耐心等待，审核结果将会通过邮件发送至您邮箱！', 1493539407),
(54, 4, 14210324, NULL, 1, '系统消息', '尊敬的社长你好，沈承亮，您的社团联合会的十佳社团评选2活动已被驳回！', 1493539676),
(55, 4, 14210324, NULL, 1, '系统消息', '尊敬的社长你好，沈承亮，您的社团联合会的十佳社团评选活动已被驳回！', 1493539680),
(56, 4, 14210324, NULL, 1, '系统消息', '尊敬的社长你好，沈承亮，您的社团联合会的十佳歌手活动已提交至管理员审核，请耐心等待，审核结果将会通过邮件发送至您邮箱！', 1493539734),
(57, 4, 14210324, NULL, 1, '系统消息', '尊敬的社长你好，沈承亮，您的社团联合会的十佳歌手2活动已提交至管理员审核，请耐心等待，审核结果将会通过邮件发送至您邮箱！', 1493542555),
(58, 4, 14210324, NULL, 1, '系统消息', '尊敬的社长你好，沈承亮，您的社团联合会的成功活动已提交至管理员审核，请耐心等待，审核结果将会通过邮件发送至您邮箱！', 1493542728),
(59, 4, 14210324, NULL, 1, '系统消息', '尊敬的社长你好，沈承亮，您的社团联合会的测试活动已提交至管理员审核，请耐心等待，审核结果将会通过邮件发送至您邮箱！', 1493542836),
(60, 4, 14210324, NULL, 1, '系统消息', '尊敬的社长你好，沈承亮，您的社团联合会的【早起打卡活动】活动已提交至管理员审核，请耐心等待，审核结果将会通过邮件发送至您邮箱！', 1493707403),
(61, 4, 16110216, NULL, 1, '系统消息', '尊敬的社长你好，杨鹏，您的耽悦表演社的魔方活动已提交至管理员审核，请耐心等待，审核结果将会通过邮件发送至您邮箱！', 1493707998),
(62, 4, 16310206, NULL, 1, '系统消息', '尊敬的社长你好，王海荣，您的裁判社的篮球杯活动已提交至管理员审核，请耐心等待，审核结果将会通过邮件发送至您邮箱！', 1493708287),
(63, 4, 16520114, NULL, 1, '系统消息', '尊敬的社长你好，王进，您的吉他社的音乐节活动已提交至管理员审核，请耐心等待，审核结果将会通过邮件发送至您邮箱！', 1493708505),
(64, 4, 14210324, NULL, 1, '系统消息', '尊敬的社长你好，沈承亮，您的社团联合会的【光棍节】小联教你如何脱单活动已提交至管理员审核，请耐心等待，审核结果将会通过邮件发送至您邮箱！', 1493709958),
(65, 4, 14210324, NULL, 1, '系统消息', '尊敬的社长你好，沈承亮，您的社团联合会的【通达最美系列】活动已提交至管理员审核，请耐心等待，审核结果将会通过邮件发送至您邮箱！', 1493710253),
(66, 4, 14210324, NULL, 1, '系统消息', '尊敬的社长你好，沈承亮，您的社团联合会的【通达最美系列】活动已审批通过！', 1493712701),
(67, 4, 14210324, NULL, 1, '系统消息', '尊敬的社长你好，沈承亮，您的社团联合会的【光棍节】小联教你如何脱单活动已审批通过！', 1493712711),
(68, 4, 16520114, NULL, 1, '系统消息', '尊敬的社长你好，王进，您的吉他社的音乐节活动已审批通过！', 1493712730),
(69, 4, 14210324, NULL, 1, '系统消息', '尊敬的社长你好，沈承亮，您的社团联合会的【早起打卡活动】活动已审批通过！', 1493719791),
(70, 4, 14210324, NULL, 1, '系统消息', '尊敬的社长你好，沈承亮，您的社团联合会的【早起打卡活动】活动已审批通过！', 1493719795),
(71, 4, 14210324, NULL, 1, '系统消息', '尊敬的社长你好，沈承亮，您的社团联合会的【早起打卡活动】活动已审批通过！', 1493719796),
(72, 4, 14210324, NULL, 1, '系统消息', '尊敬的社长你好，沈承亮，您的社团联合会的【早起打卡活动】活动已审批通过！', 1493719805),
(73, 4, 16540322, NULL, 1, '系统消息', '你好，李姣姣，您申请加入社团联合会已被批准，您可以到我的社团查看！', 1493728460),
(74, 4, 16270116, NULL, 1, '系统消息', '你好，陈轩，您申请加入4+1街舞社已被批准，您可以到我的社团查看！', 1493728469),
(75, 4, 16540118, NULL, 1, '系统消息', '你好，陈静怡，您申请加入疾影漂移社团已被批准，您可以到我的社团查看！', 1493728659),
(76, 4, 16520112, NULL, 1, '系统消息', '你好，戴可忻，您申请加入读书协会已被批准，您可以到我的社团查看！', 1493728679),
(77, 4, 16270113, NULL, 1, '系统消息', '你好，臧昕宇，您申请加入英语协会已被批准，您可以到我的社团查看！', 1493728695),
(78, 4, 16540118, NULL, 1, '系统消息', '你好，陈静怡，您申请加入社团联合会已被批准，您可以到我的社团查看！', 1493728750),
(79, 4, 16240102, NULL, 1, '系统消息', '你好，刘海潮，您申请加入社团联合会已被批准，您可以到我的社团查看！', 1493728764),
(80, 4, 16540322, NULL, 1, '系统消息', '你好，李姣姣，您申请加入4+1街舞社已被批准，您可以到我的社团查看！', 1493728777),
(81, 4, 14210316, NULL, 1, '系统消息', '你好，将帅，您申请加入社团联合会已被批准，您可以到我的社团查看！', 1493871380),
(82, 4, 14210316, NULL, 1, '系统消息', '你好，将帅，您的社团申请已通过，您被任命为社长，您现在可以登录系统后台', 1493871416),
(83, 4, 0, NULL, 0, '意见箱', '似懂非懂                                     ', 1493871523),
(84, 4, 14210316, NULL, 1, '系统消息', '尊敬的社长你好，将帅，您的少帅的asfdasd活动已提交至管理员审核，请耐心等待，审核结果将会通过邮件发送至您邮箱！', 1493872914),
(85, 4, 14210316, NULL, 1, '系统消息', '尊敬的社长你好，将帅，您的少帅的asfdasd活动已审批通过！', 1493873005),
(86, 4, 16520112, NULL, 1, '系统消息', '你好，戴可忻，您申请加入社团联合会已被批准，您可以到我的社团查看！', 1493873657),
(87, 4, 14210327, NULL, 1, '系统消息', '恭喜，陶灿，您被任命为社联管理员，您现在可以登录系统后台', 1493874151);

-- --------------------------------------------------------

--
-- 表的结构 `faith_news`
--

CREATE TABLE `faith_news` (
  `news_id` int(11) UNSIGNED NOT NULL,
  `community_id` int(11) UNSIGNED NOT NULL,
  `news_listorder` int(11) UNSIGNED NOT NULL,
  `news_title` varchar(50) NOT NULL DEFAULT '',
  `news_abstract` text,
  `news_title2` varchar(20) DEFAULT '',
  `news_status` int(11) NOT NULL DEFAULT '1',
  `news_sources` varchar(20) DEFAULT '',
  `editorValue` text,
  `news_author` varchar(20) NOT NULL DEFAULT '',
  `news_key` varchar(20) NOT NULL DEFAULT '',
  `news_time` int(20) NOT NULL DEFAULT '0',
  `news_image` varchar(500) DEFAULT '',
  `file` varchar(500) NOT NULL DEFAULT ''
) ENGINE=InnoDB DEFAULT CHARSET=utf8;

--
-- 转存表中的数据 `faith_news`
--

INSERT INTO `faith_news` (`news_id`, `community_id`, `news_listorder`, `news_title`, `news_abstract`, `news_title2`, `news_status`, `news_sources`, `editorValue`, `news_author`, `news_key`, `news_time`, `news_image`, `file`) VALUES
(4, 1, 0, '走出网络，走下宿舍，走向操场', '2017年4月26日下午4：30，由共青团南京邮电大学通达学院委员会主办，南京邮电大学通达学院社团联合会承办，南京邮电大学通达学院“通达之声”广播台协办的“走下网络，走出宿舍，走向操场”主题系列活动启动仪式在我校大学生创业园台阶下成功举办。', '三走', 1, '社团联合会新闻信息部', '<section data-role="outer" label="Powered by 135editor.com" style="margin: 0px; padding: 0px; white-space: normal; font-family: 微软雅黑;"><p style="margin-top: 0px; margin-bottom: 0px; padding: 0px; clear: both; text-indent: 2em;"><br/></p><p style="margin-top: 0px; margin-bottom: 0px; padding: 0px; clear: both; text-indent: 0em;"><br style="margin: 0px; padding: 0px;"/></p><p style="margin-top: 0px; margin-bottom: 0px; font-family: 微软雅黑; white-space: normal; padding: 0px; clear: both; text-indent: 2em;"><span style="font-size: 14px; text-align: justify; text-indent: 28px;">2017年4月26日下午4：30，由共青团南京邮电大学通达学院委员会主办，南京邮电大学通达学院社团联合会承办，南京邮电大学通达学院“通达之声”广播台协办的“走下网络，走出宿舍，走向操场”主题系列活动启动仪式在我校大学生创业园台阶下成功举办。我院党委副书记王立辉老师，院团委书记、学工处副处长解厚荣老师，团委副书记姚远老师，各学院分团委书记、全体辅导员、各学生社团代表以及2016级部分专业的学生代表参加了此次活动，活动由“通达之声”张雨静主持。</span></p><p style="margin-top: 0px; margin-bottom: 0px; font-family: 微软雅黑; white-space: normal; padding: 0px; clear: both; text-indent: 2em;"><span style="margin: 0px; padding: 0px; text-indent: 2em; line-height: inherit; color: rgb(63, 63, 63);">活</span><span style="margin: 0px; padding: 0px; text-indent: 2em; color: rgb(63, 63, 63); font-size: 13px;">动开幕式上，4+1街舞社、道格跆拳道社、威扬散打社首先为在场师生带来了精彩的表演。我院党委王立辉副书记为本次活动致辞。</span></p><p style="margin-top: 0px; margin-bottom: 0px; font-family: 微软雅黑; white-space: normal; padding: 0px; clear: both; text-indent: 2em;"><br style="margin: 0px; padding: 0px;"/></p><p style="margin-top: 0px; margin-bottom: 0px; font-family: 微软雅黑; text-indent: 0em; white-space: normal; padding: 0px; clear: both;"><br/></p><p style="margin-top: 0px; margin-bottom: 0px; font-family: 微软雅黑; text-indent: 0em; white-space: normal; padding: 0px; clear: both;"><span style="margin: 0px; padding: 0px; color: rgb(63, 63, 63); line-height: 27px; text-indent: 38px; font-size: 18px;">&nbsp; &nbsp;&nbsp;</span></p><p style="margin-top: 0px; margin-bottom: 0px; font-family: 微软雅黑; text-indent: 0em; white-space: normal; padding: 0px; clear: both;"><span style="margin: 0px; padding: 0px; color: rgb(63, 63, 63); line-height: 27px; text-indent: 38px; font-size: 18px;">&nbsp; &nbsp; &nbsp;王</span><span style="margin: 0px; padding: 0px; color: rgb(63, 63, 63); line-height: 19.5px; text-indent: 38px; font-size: 13px;">立辉副书记认为我们要贯彻落实关于强化体育课和课外锻炼的规划，促进青少年身心健康、体魄强健的精神，引导和帮助大学生形成良好的体育锻炼习惯、提升身体素质。并提出了三点希望：一是我们要远离手机，走下网络，强调了拥有健康的体魄对于职业发展及个人幸福的重要性。二是希望三走能引导和帮助大学生激发参加体育锻炼的主观能动性、形成良好的体育锻炼习惯、提升身体素质，并从中磨炼坚强意志、培养良好品德和拼搏精神，三是着力解决学生思想上对体育锻炼的认同感，带动全院学生自觉自愿地践行走下网络、走出宿舍、走向操场，力求让三走活动能在全体学生中铺开并取得实效。接下来由学生代表方正浩宣读了“三走”活动的倡议书，随后由团委书记、学工处副处长解厚荣老师宣布2017年度三走活动正式开幕。</span></p><p style="margin-top: 0px; margin-bottom: 0px; padding: 0px; clear: both; line-height: 24px; text-indent: 2em;"><br style="margin: 0px; padding: 0px;"/></p><p style="margin-top: 0px; margin-bottom: 0px; padding: 0px; clear: both; line-height: 24px; text-indent: 2em;"><span style="margin: 0px; padding: 0px; line-height: 24px; color: rgb(63, 63, 63);">开</span><span style="margin: 0px; padding: 0px; line-height: 19.5px; color: rgb(63, 63, 63); font-size: 13px;">幕式结束后，参赛选手们在学校运动场开展了趣味十足的“足球大作战”、“通达猜歌王”、“反投网球”等活动，游戏现场气氛活跃，各项目参赛组员都在认真做热身运动，为比赛做好准备，用热情践行着三走活动的真谛。</span></p><p style="margin-top: 0px; margin-bottom: 0px; padding: 0px; clear: both; line-height: 24px; text-indent: 2em;"><br style="margin: 0px; padding: 0px;"/></p><p style="margin-top: 0px; margin-bottom: 0px; padding: 0px; clear: both; text-align: center;"></p><p style="margin-top: 0px; margin-bottom: 0px; padding: 0px; clear: both; text-indent: 38px; line-height: 24px;"><br style="margin: 0px; padding: 0px;"/></p><p style="margin-top: 0px; margin-bottom: 0px; padding: 0px; clear: both; text-indent: 38px; line-height: 24px;">至<span style="margin: 0px; padding: 0px; font-size: 13px;">此，本次三走活动圆满结束。纵然三走活动已经拉下帷幕，通达学子们的才艺和青春勃发的活力却深深地留在我们的记忆里。相信这次活动只是开始，也相信会有更多同学践行三走精神。与此同时，感谢各位师生的积极参与，感谢社联工作人员的辛勤付出，感谢各个社团为本次活动做出的贡献！</span></p><p style="margin-top: 0px; margin-bottom: 0px; padding: 0px; clear: both; text-indent: 38px; line-height: 24px;"><br style="margin: 0px; padding: 0px;"/></p><p style="margin-top: 0px; margin-bottom: 0px; padding: 0px; clear: both; text-align: center;"><strong style="margin: 0px; padding: 0px; color: rgb(63, 63, 63); line-height: 24px;"><span style="margin: 0px; padding: 0px; line-height: 22.5px; font-size: 15px;"></span></strong></p><p style="margin-top: 0px; margin-bottom: 0px; padding: 0px; clear: both;"><br style="margin: 0px; padding: 0px;"/></p><p style="margin-top: 0px; margin-bottom: 0px; padding: 0px; clear: both; text-align: center;"><strong style="margin: 0px; padding: 0px; color: rgb(63, 63, 63); line-height: inherit;"><span style="margin: 0px; padding: 0px; font-size: 15px;">本期编辑：石云</span></strong><br style="margin: 0px; padding: 0px;"/></p><p style="margin-top: 0px; margin-bottom: 0px; padding: 0px; clear: both; text-align: center;"><span style="margin: 0px; padding: 0px; color: rgb(63, 63, 63);"><strong style="margin: 0px; padding: 0px;"><span style="margin: 0px; padding: 0px; font-size: 15px;">本期审核：新闻信息部</span></strong></span></p><section data-role="paragraph" class="_135editor" style="margin: 0px; padding: 0px; border-width: 0px; border-style: none; border-color: initial; box-sizing: border-box;"><p style="margin-top: 0px; margin-bottom: 0px; padding: 0px; clear: both;"><br style="margin: 0px; padding: 0px;"/></p></section></section><p style="margin-top: 0px; margin-bottom: 0px; padding: 0px; clear: both; font-family: &quot;Helvetica Neue&quot;, Helvetica, &quot;Hiragino Sans GB&quot;, &quot;Microsoft YaHei&quot;, Arial, sans-serif; font-size: medium; white-space: normal;"><br/></p><p><br/></p>', '石云', '社团联合会 团委', 1493521047, '/news\\20170502\\66621834a173f000dafa67bec828e365.jpg', ''),
(5, 11, 0, '你想不到的情书都在这里', '这里有你和他（她）的故事，这里有你们的浓情蜜意。', '三行情书', 1, '社团联合会新闻信息部', '<section data-role="outer" label="Powered by 135editor.com" style="margin: 0px; padding: 0px; font-family: 微软雅黑; white-space: normal;"><section class="_135editor" data-tools="135编辑器" data-id="88205" style="margin: 0px; padding: 0px; border-width: 0px; border-style: none; border-color: initial; box-sizing: border-box;"><section data-role="outer" label="Powered by 135editor.com" style="margin: 0px; padding: 0px; max-width: 100%; box-sizing: border-box !important; word-wrap: break-word !important;"><section class="" data-tools="135编辑器" data-id="88005" style="margin: 0px; padding: 0px; max-width: 100%; box-sizing: border-box; background-color: rgb(255, 255, 255); border-width: 0px; border-style: none; border-color: currentcolor; word-wrap: break-word !important;"><section style="margin: 0px; padding: 0px 0px 3em; max-width: 100%; box-sizing: border-box; text-align: center; border-width: 0px; border-style: solid; border-color: rgb(239, 112, 96); word-wrap: break-word !important;"><section data-width="12em" style="margin: 1em auto; padding: 0px; max-width: 100%; box-sizing: border-box; width: 12em; height: 12em; border-width: 0.1em; border-style: solid; border-color: rgb(239, 112, 96); border-radius: 50%; word-wrap: break-word !important;"><section data-width="11em" style="margin: 0.45em; padding: 0px; max-width: 100%; box-sizing: border-box; width: 11em; height: 11em; max-height: 11em; border-width: 0.1em; border-style: solid; border-color: rgb(239, 112, 96); border-radius: 50%; word-wrap: break-word !important;"></section></section><section style="margin: -10em 0px 0px; padding: 0px; max-width: 100%; box-sizing: border-box; word-wrap: break-word !important;"><section style="margin: 0px; padding: 0px; max-width: 100%; box-sizing: border-box; color: rgb(239, 112, 96); word-wrap: break-word !important;"><span style="margin: 0px; padding: 0px; max-width: 100%; color: inherit; font-size: 12px; overflow-wrap: break-word; box-sizing: border-box !important; word-wrap: break-word !important;">Three love letters</span></section><section style="margin: 0px; padding: 3px 50px; max-width: 100%; box-sizing: border-box; border-bottom: 2px solid rgb(239, 112, 96); border-right-color: rgb(239, 112, 96); border-left-color: rgb(239, 112, 96); border-top: 2px solid rgb(239, 112, 96); display: inline-block; color: rgb(239, 112, 96); word-wrap: break-word !important;"><span style="margin: 0px; padding: 0px; max-width: 100%; font-size: 24px; font-weight: bold; box-sizing: border-box !important; word-wrap: break-word !important;">三行情书</span></section><section data-width="8em" style="margin: 0px auto; padding: 0px; max-width: 100%; box-sizing: border-box; color: rgb(239, 112, 96); width: 8em; word-wrap: break-word !important;"><span style="margin: 0px; padding: 0px; max-width: 100%; font-size: 12px; box-sizing: border-box !important; word-wrap: break-word !important;">南邮通达<br style="margin: 0px; padding: 0px; max-width: 100%; box-sizing: border-box !important; word-wrap: break-word !important;"/></span></section></section></section></section><section data-role="paragraph" class="" style="margin: 0px; padding: 0px; max-width: 100%; box-sizing: border-box; background-color: rgb(255, 255, 255); border-width: 0px; border-style: none; border-color: currentcolor; word-wrap: break-word !important;"><p style="margin-top: 0px; margin-bottom: 0px; padding: 0px; clear: both; max-width: 100%; min-height: 1em; box-sizing: border-box !important; word-wrap: break-word !important;"><br style="margin: 0px; padding: 0px; max-width: 100%; box-sizing: border-box !important; word-wrap: break-word !important;"/></p></section><section class="" data-tools="135编辑器" data-id="86516" data-color="rgb(239, 112, 96)" data-custom="rgb(239, 112, 96)" style="margin: 0px; padding: 0px; max-width: 100%; box-sizing: border-box; background-color: rgb(255, 255, 255); border-width: 0px; border-style: none; border-color: currentcolor; word-wrap: break-word !important;"><section style="margin: 0px auto 10px; padding: 0px; max-width: 100%; box-sizing: border-box; border-bottom: 1px solid rgb(221, 221, 221); word-wrap: break-word !important;"><p class="" data-brushtype="text" style="margin-top: 0px; margin-bottom: -1px; padding: 0px 5px 6px; clear: both; max-width: 100%; min-height: 1em; border-bottom: 2px solid rgb(239, 112, 96); display: inline-block; line-height: 1.1; font-size: 18px; box-sizing: border-box !important; word-wrap: break-word !important;"><span style="margin: 0px; padding: 0px; max-width: 100%; color: rgb(127, 127, 127); box-sizing: border-box !important; word-wrap: break-word !important;"><strong style="margin: 0px; padding: 0px; max-width: 100%; box-sizing: border-box !important; word-wrap: break-word !important;"><span style="margin: 0px; padding: 0px; max-width: 100%; font-size: 15px; box-sizing: border-box !important; word-wrap: break-word !important;">三行情书，与你分享最简单的爱</span></strong></span></p></section></section></section></section></section><p><br/></p><section data-role="outer" label="Powered by 135editor.com" style="margin: 0px; padding: 0px; font-family: 微软雅黑; font-size: medium; white-space: normal;"><section class="_135editor" data-tools="135编辑器" data-id="88404" style="margin: 0px; padding: 0px; font-size: 16px; border-width: 0px; border-style: none; border-color: initial; box-sizing: border-box;"><section style="margin: 15px 0px 0px; padding: 0px;"><section class="135brush" style="margin: 0px; padding: 0px; text-align: justify; color: rgb(120, 114, 114); font-size: 15px; line-height: 1.8;"><p style="margin-top: 0px; margin-bottom: 0px; padding: 0px; clear: both; text-align: center;">南邮通达首届三行情书活动就这样落下了帷幕，</p><p style="margin-top: 0px; margin-bottom: 0px; padding: 0px; clear: both; text-align: center;">小伙伴们是不是意犹未尽呢。</p><p style="margin-top: 0px; margin-bottom: 0px; padding: 0px; clear: both; text-align: center;">接下来让我们一起回顾一下这次的活动吧。</p><p style="margin-top: 0px; margin-bottom: 0px; padding: 0px; clear: both; text-align: center;"><br style="margin: 0px; padding: 0px;"/></p><p style="margin-top: 0px; margin-bottom: 0px; padding: 0px; clear: both;"><br style="margin: 0px; padding: 0px;"/></p></section></section></section><section class="_135editor" data-tools="135编辑器" data-id="88205" style="margin: 0px; padding: 0px; border-width: 0px; border-style: none; border-color: initial; box-sizing: border-box;"><p style="margin-top: 0px; margin-bottom: 0px; padding: 0px; clear: both; font-size: 16px; text-align: center;"><span style="margin: 0px; padding: 0px; font-size: 14px; color: rgb(136, 136, 136);"><br style="margin: 0px; padding: 0px;"/></span></p><p style="margin-top: 0px; margin-bottom: 0px; padding: 0px; clear: both; font-size: 16px; text-align: center;"><span style="margin: 0px; padding: 0px; font-size: 14px; color: rgb(136, 136, 136);">还记得这段视频吗？是不是又勾起了你<span style="margin: 0px; padding: 0px; color: rgb(255, 76, 65);"><strong style="margin: 0px; padding: 0px;">满满的回忆</strong></span>呢？</span></p><p style="margin-top: 0px; margin-bottom: 0px; padding: 0px; clear: both; font-size: 16px; text-align: center;"><span style="margin: 0px; padding: 0px; font-size: 14px; color: rgb(136, 136, 136);">是否想起了当时正年少轻狂的你面对心爱的女孩心中的那份<strong style="margin: 0px; padding: 0px;"><span style="margin: 0px; padding: 0px; color: rgb(255, 76, 65);">悸动</span></strong>呢？</span></p><p style="margin-top: 0px; margin-bottom: 0px; padding: 0px; clear: both; font-size: 16px; text-align: center;"><span style="margin: 0px; padding: 0px; font-size: 14px; color: rgb(136, 136, 136);">随着策划，宣传的工作进入尾声，真正的活动来临了。</span></p><p style="margin-top: 0px; margin-bottom: 0px; padding: 0px; clear: both; font-size: 16px; text-align: center;"><span style="margin: 0px; padding: 0px; font-size: 14px; color: rgb(136, 136, 136);">活动当天，我们收到了好多小伙伴的投来的专属于自己的<span style="margin: 0px; padding: 0px; color: rgb(255, 76, 65);"><strong style="margin: 0px; padding: 0px;">三行情书</strong></span>。</span></p><p style="margin-top: 0px; margin-bottom: 0px; padding: 0px; clear: both; font-size: 16px; text-align: center;"><span style="margin: 0px; padding: 0px; font-size: 14px; color: rgb(136, 136, 136);"><br style="margin: 0px; padding: 0px;"/></span></p><p style="margin-top: 0px; margin-bottom: 0px; padding: 0px; clear: both; font-size: 16px;"><br/></p><p style="margin-top: 0px; margin-bottom: 0px; padding: 0px; clear: both; font-size: 16px; text-align: center;"><span style="margin: 0px; padding: 0px; font-size: 14px; color: rgb(136, 136, 136);"><br style="margin: 0px; padding: 0px;"/></span></p><p style="margin-top: 0px; margin-bottom: 0px; padding: 0px; clear: both; font-size: 16px; text-align: center;"><span style="margin: 0px; padding: 0px; font-size: 14px; color: rgb(136, 136, 136);">我们和火遍全校的通达表白墙合作，</span></p><p style="margin-top: 0px; margin-bottom: 0px; padding: 0px; clear: both; font-size: 16px; text-align: center;"><span style="margin: 0px; padding: 0px; font-size: 14px; color: rgb(136, 136, 136);">截止3月31日，</span></p><p style="margin-top: 0px; margin-bottom: 0px; padding: 0px; clear: both; font-size: 16px; text-align: center;"><span style="margin: 0px; padding: 0px; font-size: 14px; color: rgb(136, 136, 136);">经过近一周的线下线上征集，</span></p><p style="margin-top: 0px; margin-bottom: 0px; padding: 0px; clear: both; font-size: 16px; text-align: center;"><span style="margin: 0px; padding: 0px; font-size: 14px; color: rgb(136, 136, 136);">我们收获了<strong style="margin: 0px; padding: 0px;"><span style="margin: 0px; padding: 0px; color: rgb(255, 76, 65);">141封线上</span></strong>情书，</span></p><p style="margin-top: 0px; margin-bottom: 0px; padding: 0px; clear: both; font-size: 16px; text-align: center;"><span style="margin: 0px; padding: 0px; font-size: 14px; color: rgb(136, 136, 136);">以及<strong style="margin: 0px; padding: 0px;"><span style="margin: 0px; padding: 0px; color: rgb(255, 76, 65);">三大墙</span></strong>实体情书。</span></p><p style="margin-top: 0px; margin-bottom: 0px; padding: 0px; clear: both; font-size: 16px; text-align: center;"><span style="margin: 0px; padding: 0px; font-size: 14px; color: rgb(136, 136, 136);"><br style="margin: 0px; padding: 0px;"/></span></p><section style="margin: 0px; padding: 0px;"><p style="margin-top: 0px; margin-bottom: 0px; padding: 0px; clear: both; font-size: 16px;"><br/></p><p style="margin-top: 0px; margin-bottom: 0px; padding: 0px; clear: both; font-size: 16px; text-align: center;"><span style="margin: 0px; padding: 0px; font-size: 14px; color: rgb(136, 136, 136);"><br style="margin: 0px; padding: 0px;"/></span></p><p style="margin-top: 0px; margin-bottom: 0px; padding: 0px; clear: both; font-size: 16px; text-align: center;"><span style="margin: 0px; padding: 0px; font-size: 14px; color: rgb(136, 136, 136);">经过部门小伙伴的审核，</span></p><p style="margin-top: 0px; margin-bottom: 0px; padding: 0px; clear: both; font-size: 16px; text-align: center;"><span style="margin: 0px; padding: 0px; font-size: 14px; color: rgb(136, 136, 136);">以及激烈的线上投票，</span></p><p style="margin-top: 0px; margin-bottom: 0px; padding: 0px; clear: both; font-size: 16px; text-align: center;"><span style="margin: 0px; padding: 0px; font-size: 14px; color: rgb(136, 136, 136);">我们得出最后获胜的一二三等奖。</span></p><p style="margin-top: 0px; margin-bottom: 0px; padding: 0px; clear: both; font-size: 16px; text-align: center;"><span style="margin: 0px; padding: 0px; font-size: 14px; color: rgb(136, 136, 136);"><br style="margin: 0px; padding: 0px;"/></span></p><p style="margin-top: 0px; margin-bottom: 0px; padding: 0px; clear: both; font-size: 16px; text-align: center;"><span style="margin: 0px; padding: 0px; font-size: 14px; color: rgb(136, 136, 136);"></span></p><section class="_135editor" data-tools="135编辑器" data-id="89204" style="margin: 0px; padding: 0px; font-size: 16px; border-width: 0px; border-style: none; border-color: initial; box-sizing: border-box;"><section style="margin: 10px 0px; padding: 0px;"><section class="135brush" data-brushtype="text" style="margin: 0px; padding: 0px 30px 0px 0px; display: inline-block; font-size: 18px; height: 40px; line-height: 40px; border-bottom: 1px solid rgb(187, 208, 67); box-sizing: border-box;">获奖作品展览</section><section style="margin: 0px; padding: 0px; width: 50px; border-top: 3px solid rgb(187, 208, 67); box-sizing: border-box;"></section></section></section><p style="margin-top: 0px; margin-bottom: 0px; padding: 0px; clear: both; font-size: 16px; text-align: center;"><span style="margin: 0px; padding: 0px; background-color: rgb(0, 0, 0); color: rgb(255, 255, 255);"><br style="margin: 0px; padding: 0px;"/></span></p><p style="margin-top: 0px; margin-bottom: 0px; padding: 0px; clear: both; font-size: 16px; text-align: center;"><span style="margin: 0px; padding: 0px; background-color: rgb(0, 0, 0); color: rgb(255, 255, 255);">冠军情书</span></p><p style="margin-top: 0px; margin-bottom: 0px; padding: 0px; clear: both; font-size: 16px; text-align: center;"><br style="margin: 0px; padding: 0px;"/></p><p style="margin-top: 0px; margin-bottom: 0px; padding: 0px; clear: both; font-size: 16px; text-align: center;">你，等我一辈子</p><p style="margin-top: 0px; margin-bottom: 0px; padding: 0px; clear: both; font-size: 16px; text-align: center;">我，许你一生</p><p style="margin-top: 0px; margin-bottom: 0px; padding: 0px; clear: both; font-size: 16px; text-align: center;">爱无言，诗三行</p><p style="margin-top: 0px; margin-bottom: 0px; padding: 0px; clear: both; font-size: 16px; text-align: center;"><br style="margin: 0px; padding: 0px;"/></p><p style="margin-top: 0px; margin-bottom: 0px; padding: 0px; clear: both; font-size: 16px; text-align: center;"><span style="margin: 0px; padding: 0px; background-color: rgb(0, 0, 0); color: rgb(255, 255, 255);">亚军情书</span></p><p style="margin-top: 0px; margin-bottom: 0px; padding: 0px; clear: both; font-size: 16px; text-align: center;"><span style="margin: 0px; padding: 0px; background-color: rgb(0, 0, 0); color: rgb(255, 255, 255);"><br style="margin: 0px; padding: 0px;"/></span></p><p style="margin-top: 0px; margin-bottom: 0px; padding: 0px; clear: both; font-size: 16px; text-align: center;">希望有人陪你三餐饱食饮酒赏月无忧虑</p><p style="margin-top: 0px; margin-bottom: 0px; padding: 0px; clear: both; font-size: 16px; text-align: center;">希望你夏夜宁静冬雪无灾春去秋来佳人依旧</p><p style="margin-top: 0px; margin-bottom: 0px; padding: 0px; clear: both; font-size: 16px; text-align: center;">希望那人坚定不移，是真的真的很爱你</p><p style="margin-top: 0px; margin-bottom: 0px; padding: 0px; clear: both; font-size: 16px; text-align: center;"><br style="margin: 0px; padding: 0px;"/></p><p style="margin-top: 0px; margin-bottom: 0px; padding: 0px; clear: both; font-size: 16px; text-align: center;"><span style="margin: 0px; padding: 0px; background-color: rgb(0, 0, 0); color: rgb(255, 255, 255);">季军情书</span></p><p style="margin-top: 0px; margin-bottom: 0px; padding: 0px; clear: both; font-size: 16px; text-align: center;"><span style="margin: 0px; padding: 0px; background-color: rgb(0, 0, 0); color: rgb(255, 255, 255);"><br style="margin: 0px; padding: 0px;"/></span></p><p style="margin-top: 0px; margin-bottom: 0px; padding: 0px; clear: both; font-size: 16px; text-align: center;">从你的全世界路过</p><p style="margin-top: 0px; margin-bottom: 0px; padding: 0px; clear: both; font-size: 16px; text-align: center;">多次的沉默</p><p style="margin-top: 0px; margin-bottom: 0px; padding: 0px; clear: both; font-size: 16px; text-align: center;">只为看清你的轮廓</p><p style="margin-top: 0px; margin-bottom: 0px; padding: 0px; clear: both; font-size: 16px; text-align: center;"><br style="margin: 0px; padding: 0px;"/></p><p style="margin-top: 0px; margin-bottom: 0px; padding: 0px; clear: both; font-size: 16px; text-align: center;"><span style="margin: 0px; padding: 0px; font-size: 14px; color: rgb(136, 136, 136);"></span></p><section class="_135editor" data-tools="135编辑器" data-id="89204" style="margin: 0px; padding: 0px; border-width: 0px; border-style: none; border-color: initial; box-sizing: border-box;"><section style="margin: 10px 0px; padding: 0px;"><span style="margin: 0px; padding: 0px; font-size: 18px;"></span></section><section class="_135editor" data-tools="135编辑器" data-id="89204" style="margin: 0px; padding: 0px; font-size: 16px; border-width: 0px; border-style: none; border-color: initial; box-sizing: border-box;"><section style="margin: 10px 0px; padding: 0px;"><section class="135brush" data-brushtype="text" style="margin: 0px; padding: 0px 30px 0px 0px; display: inline-block; font-size: 18px; height: 40px; line-height: 40px; border-bottom: 1px solid rgb(187, 208, 67); box-sizing: border-box;">获奖说明</section><section style="margin: 0px; padding: 0px; width: 50px; border-top: 3px solid rgb(187, 208, 67); box-sizing: border-box;"></section></section></section><span style="margin: 0px; padding: 0px; color: rgb(255, 76, 65); font-size: 12px;"><strong style="margin: 0px; padding: 0px;"><span style="margin: 0px; padding: 0px;"><br style="margin: 0px; padding: 0px;"/></span></strong></span></section><p style="margin-top: 0px; margin-bottom: 0px; padding: 0px; clear: both; text-align: center;"><span style="margin: 0px; padding: 0px; color: rgb(255, 76, 65); font-size: 12px;"><strong style="margin: 0px; padding: 0px;"><span style="margin: 0px; padding: 0px;">特等奖：小米耳机＋家居靠枕+<span style="margin: 0px; padding: 0px;">情圣专属手机指环扣＋情圣书签</span></span></strong></span></p><p style="margin-top: 0px; margin-bottom: 0px; padding: 0px; clear: both; text-align: center;"><span style="margin: 0px; padding: 0px; color: rgb(255, 76, 65); font-size: 12px;"><strong style="margin: 0px; padding: 0px;"><span style="margin: 0px; padding: 0px;">二三等奖：家居靠枕<span style="margin: 0px; padding: 0px;">+情圣专属手机指环扣＋情圣书签</span></span></strong><strong style="margin: 0px; padding: 0px;"><span style="margin: 0px; padding: 0px;"></span></strong><strong style="margin: 0px; padding: 0px;"><span style="margin: 0px; padding: 0px;"></span></strong></span></p><p style="margin-top: 0px; margin-bottom: 0px; padding: 0px; clear: both; text-align: center;"><span style="margin: 0px; padding: 0px; color: rgb(255, 76, 65); font-size: 12px;"><strong style="margin: 0px; padding: 0px;"><span style="margin: 0px; padding: 0px;">PS:所有参与的同学均可获得 情圣专属手机指环扣和情圣书签</span></strong></span></p><p style="margin-top: 0px; margin-bottom: 0px; padding: 0px; clear: both; text-align: center;"><span style="margin: 0px; padding: 0px; color: rgb(255, 76, 65); font-size: 12px;"><strong style="margin: 0px; padding: 0px;"><span style="margin: 0px; padding: 0px;"><br style="margin: 0px; padding: 0px;"/></span></strong></span></p><p style="margin-top: 0px; margin-bottom: 0px; padding: 0px; clear: both;"><span style="margin: 0px; padding: 0px; color: rgb(255, 76, 65); font-size: 12px;"><strong style="margin: 0px; padding: 0px;"><span style="margin: 0px; padding: 0px;"><br/></span></strong></span></p><p style="margin-top: 0px; margin-bottom: 0px; padding: 0px; clear: both;"><span style="margin: 0px; padding: 0px; color: rgb(255, 76, 65); font-size: 12px;"><strong style="margin: 0px; padding: 0px;"><span style="margin: 0px; padding: 0px;"><br/></span></strong></span></p><p style="margin-top: 0px; margin-bottom: 0px; padding: 0px; clear: both; text-align: center;"><span style="margin: 0px; padding: 0px; color: rgb(255, 76, 65);"><strong style="margin: 0px; padding: 0px;"><span style="margin: 0px; padding: 0px; font-size: 14px;"></span></strong></span></p><p style="margin-top: 0px; margin-bottom: 0px; padding: 0px; clear: both;"></p><p style="margin-top: 0px; margin-bottom: 0px; padding: 0px; clear: both;"></p><p style="margin-top: 0px; margin-bottom: 0px; padding: 0px; clear: both;"></p><p style="margin-top: 0px; margin-bottom: 0px; padding: 0px; clear: both; text-align: center;"><span style="margin: 0px; padding: 0px; font-size: 18px; background-color: rgb(0, 0, 0); color: rgb(255, 255, 255);"></span></p><p style="margin-top: 0px; margin-bottom: 0px; color: rgb(51, 51, 51); font-family: 微软雅黑; font-size: 14px; white-space: normal; padding: 0px; clear: both;"><span style="margin: 0px; padding: 0px; color: rgb(63, 63, 63); font-size: 12px;"><strong style="margin: 0px; padding: 0px;">随着后期收尾的结束，我们的通达第一届三行情书活动也落下了帷幕。</strong></span></p><p style="margin-top: 0px; margin-bottom: 0px; color: rgb(51, 51, 51); font-family: 微软雅黑; font-size: 14px; white-space: normal; padding: 0px; clear: both;"><span style="margin: 0px; padding: 0px; color: rgb(63, 63, 63); font-size: 12px;"><strong style="margin: 0px; padding: 0px;">感谢大家对本次三行情书活动的支持。</strong></span></p><p style="margin-top: 0px; margin-bottom: 0px; color: rgb(51, 51, 51); font-family: 微软雅黑; font-size: 14px; white-space: normal; padding: 0px; clear: both;"><span style="margin: 0px; padding: 0px; color: rgb(63, 63, 63); font-size: 12px;"><strong style="margin: 0px; padding: 0px;">活动是暂时的，但情谊会永远留在我们的心中，挥之不去。</strong></span></p><p style="margin-top: 0px; margin-bottom: 0px; color: rgb(51, 51, 51); font-family: 微软雅黑; font-size: 14px; white-space: normal; padding: 0px; clear: both;"><span style="margin: 0px; padding: 0px; color: rgb(63, 63, 63); font-size: 12px;"><strong style="margin: 0px; padding: 0px;">谢谢大家这次的参与，我们下次再见</strong></span></p><p style="margin-top: 0px; margin-bottom: 0px; padding: 0px; clear: both; text-align: center;"><span style="margin: 0px; padding: 0px; font-size: 18px; background-color: rgb(0, 0, 0); color: rgb(255, 255, 255);"><br style="margin: 0px; padding: 0px;"/></span><br/></p><section style="font-family: 微软雅黑; font-size: medium; white-space: normal; margin: 0px; padding: 0px;"><p style="margin-top: 0px; margin-bottom: 0px; padding: 0px; clear: both; text-align: center;"><br/></p></section></section></section></section>', '石云', '社团联合会 读书协会', 1493691307, '/news\\20170502\\d2137c0f29712629f79f1477ad3df8fd.jpg', ''),
(6, 3, 0, '比赛是舞者进步的阶梯', '时隔一年，第二届由南京邮电大学通达学院4+1街舞社举办的街舞挑战赛又来啦！', '街舞挑战赛', 1, '社团联合会新闻信息部', '<section class="_135editor" data-tools="135编辑器" data-id="87648" style="margin: 0px; padding: 0px; font-family: 微软雅黑; white-space: normal; border-width: 0px; border-style: none; border-color: initial; box-sizing: border-box;"><section data-role="outer" label="Powered by 135editor.com" style="margin: 0px; padding: 0px; max-width: 100%; box-sizing: border-box !important; word-wrap: break-word !important;"><section class="" data-tools="135编辑器" data-id="88005" style="margin: 0px; padding: 0px; max-width: 100%; box-sizing: border-box; background-color: rgb(255, 255, 255); border-width: 0px; border-style: none; border-color: currentcolor; word-wrap: break-word !important;"><section style="margin: 0px; padding: 0px 0px 3em; max-width: 100%; box-sizing: border-box; text-align: center; border-width: 0px; border-style: solid; border-color: rgb(239, 112, 96); word-wrap: break-word !important;"><section data-width="12em" style="margin: 1em auto; padding: 0px; max-width: 100%; box-sizing: border-box; width: 12em; height: 12em; border-width: 0.1em; border-style: solid; border-color: rgb(239, 112, 96); border-radius: 50%; word-wrap: break-word !important;"><section data-width="11em" style="margin: 0.45em; padding: 0px; max-width: 100%; box-sizing: border-box; width: 11em; height: 11em; max-height: 11em; border-width: 0.1em; border-style: solid; border-color: rgb(239, 112, 96); border-radius: 50%; word-wrap: break-word !important;"></section></section><section style="margin: -10em 0px 0px; padding: 0px; max-width: 100%; box-sizing: border-box; word-wrap: break-word !important;"><section style="margin: 0px; padding: 0px; max-width: 100%; box-sizing: border-box; color: rgb(239, 112, 96); word-wrap: break-word !important;">第二届扬州市<br style="margin: 0px; padding: 0px;"/></section><section style="margin: 0px; padding: 3px 50px; max-width: 100%; box-sizing: border-box; border-bottom: 2px solid rgb(239, 112, 96); border-right-color: rgb(239, 112, 96); border-left-color: rgb(239, 112, 96); border-top: 2px solid rgb(239, 112, 96); display: inline-block; color: rgb(239, 112, 96); word-wrap: break-word !important;"><span style="margin: 0px; padding: 0px; max-width: 100%; font-size: 24px; font-weight: bold; box-sizing: border-box !important; word-wrap: break-word !important;">高校街舞</span></section><section data-width="8em" style="margin: 0px auto; padding: 0px; max-width: 100%; box-sizing: border-box; color: rgb(239, 112, 96); width: 8em; word-wrap: break-word !important;">挑战赛</section></section></section></section><section data-role="paragraph" class="" style="margin: 0px; padding: 0px; max-width: 100%; box-sizing: border-box; background-color: rgb(255, 255, 255); border-width: 0px; border-style: none; border-color: currentcolor; word-wrap: break-word !important;"><p style="margin-top: 0px; margin-bottom: 0px; padding: 0px; clear: both; max-width: 100%; min-height: 1em; box-sizing: border-box !important; word-wrap: break-word !important;"><br style="margin: 0px; padding: 0px;"/></p></section></section><p style="margin-top: 0px; margin-bottom: 0px; padding: 0px; clear: both; text-align: center;"><span style="margin: 0px; padding: 0px; font-size: 12px; text-decoration-line: underline; color: rgb(136, 136, 136);">时隔一年</span></p><p style="margin-top: 0px; margin-bottom: 0px; padding: 0px; clear: both; text-align: center;"><span style="margin: 0px; padding: 0px; color: rgb(136, 136, 136); font-size: 12px; text-decoration-line: underline;">第二届由我们的<strong style="margin: 0px; padding: 0px;"><span style="margin: 0px; padding: 0px; color: rgb(255, 76, 65);">五星级社团</span></strong>4+1街舞社承办<span style="margin: 0px; padding: 0px; line-height: 22.4px;">的街舞挑战赛又来啦！！</span></span></p><section data-role="outer" label="Powered by 135editor.com" style="margin: 0px; padding: 0px;"><section class="_135editor" data-tools="135编辑器" data-id="88405" style="margin: 0px; padding: 0px; border-width: 0px; border-style: none; border-color: initial; box-sizing: border-box;"><section style="margin: 10px 0px; padding: 0px;"><section style="margin: 0px; padding: 0px 1em; box-sizing: border-box;"><section class="135brush" data-style="font-size: 14px; color: rgb(160, 160, 160); line-height: 1.8;" style="margin: 0px; padding: 10px; font-size: 14px; color: rgb(160, 160, 160); line-height: 1.8; box-sizing: border-box;"><p style="margin-top: 0px; margin-bottom: 0px; padding: 0px; clear: both; line-height: 1.8;"><span style="margin: 0px; padding: 0px; color: rgb(255, 0, 0); font-size: 16px;"><strong style="margin: 0px; padding: 0px;"><span style="margin: 0px; padding: 0px;">再声明一次，送门票时间是4月12日11点食堂门口哦。</span></strong></span></p><p style="margin-top: 0px; margin-bottom: 0px; padding: 0px; clear: both;"><br/></p></section></section><section style="margin: 0px 0px -0.5em 0.5em; padding: 0px; height: 1.4em; border-left: 1px solid rgb(158, 158, 158); box-sizing: border-box;"></section><section style="margin: 0px; padding: 0px; width: 2.5em; border-top: 1px solid rgb(158, 158, 158); box-sizing: border-box;"></section></section></section><section class="_135editor" data-tools="135编辑器" data-id="89172" style="margin: 0px; padding: 0px; border-width: 0px; border-style: none; border-color: initial; box-sizing: border-box;"><section class="layout" style="margin: 10px auto; padding: 5px; border-width: 2px; border-style: solid; border-color: rgb(117, 117, 118); box-sizing: border-box;"><section class="135brush" style="margin: 0px; padding: 15px; border-width: 2px; border-style: dashed; border-color: rgb(117, 117, 118); box-sizing: border-box;"><p style="margin-top: 0px; margin-bottom: 0px; padding: 0px; clear: both;"><strong style="margin: 0px; padding: 0px;"><span style="margin: 0px; padding: 0px; color: rgb(255, 0, 0); font-size: 15px;">节目检录时间：4月15日 13.30</span></strong></p></section></section></section><section class="_135editor" data-tools="135编辑器" data-id="89174" style="margin: 0px; padding: 0px; border-width: 0px; border-style: none; border-color: initial; box-sizing: border-box;"><section class="layout" style="margin: 10px auto; padding: 2px; border-width: 2px; border-style: solid; border-color: rgb(117, 117, 118); box-sizing: border-box;"><section class="135brush" style="margin: 0px; padding: 15px; border-width: 1px; border-style: solid; border-color: rgb(117, 117, 118); box-sizing: border-box;"><p style="margin-top: 0px; margin-bottom: 0px; padding: 0px; clear: both;"><span style="margin: 0px; padding: 0px; color: rgb(63, 63, 63);"><strong style="margin: 0px; padding: 0px;"><span style="margin: 0px; padding: 0px; font-size: 15px;">奖金设置：</span></strong></span></p><p style="margin-top: 0px; margin-bottom: 0px; padding: 0px; clear: both;"><span style="margin: 0px; padding: 0px; color: rgb(63, 63, 63);"><strong style="margin: 0px; padding: 0px;"><span style="margin: 0px; padding: 0px; font-size: 15px;">冠军：1000RMB</span></strong></span></p><p style="margin-top: 0px; margin-bottom: 0px; padding: 0px; clear: both;"><span style="margin: 0px; padding: 0px; color: rgb(63, 63, 63);"><strong style="margin: 0px; padding: 0px;"><span style="margin: 0px; padding: 0px; font-size: 15px;">亚军：500RMB</span></strong></span></p><p style="margin-top: 0px; margin-bottom: 0px; padding: 0px; clear: both;"><span style="margin: 0px; padding: 0px; color: rgb(63, 63, 63);"><strong style="margin: 0px; padding: 0px;"><span style="margin: 0px; padding: 0px; font-size: 15px;">报名费：30RMB（<span style="margin: 0px; padding: 0px; color: rgb(255, 0, 0);">提前报名20RMB/人</span>）</span></strong></span></p></section></section></section></section></section><p style="margin-top: 0px; margin-bottom: 0px; padding: 0px; clear: both; font-family: 微软雅黑; white-space: normal; text-align: center;"><span style="margin: 0px; padding: 0px;"><strong style="margin: 0px; padding: 0px;"><span style="margin: 0px; padding: 0px; font-size: 15px;"><br style="margin: 0px; padding: 0px;"/></span></strong></span></p><p style="margin-top: 0px; margin-bottom: 0px; padding: 0px; clear: both; font-family: 微软雅黑; white-space: normal; text-align: center;"><span style="margin: 0px; padding: 0px;"><strong style="margin: 0px; padding: 0px;"><span style="margin: 0px; padding: 0px; font-size: 15px;"><br style="margin: 0px; padding: 0px;"/></span></strong></span></p><p style="margin-top: 0px; margin-bottom: 0px; padding: 0px; clear: both; font-family: 微软雅黑; white-space: normal; text-align: center;"><span style="margin: 0px; padding: 0px;"><strong style="margin: 0px; padding: 0px;"><span style="margin: 0px; padding: 0px; font-size: 15px;">本期编辑：石云</span></strong></span></p><p style="margin-top: 0px; margin-bottom: 0px; padding: 0px; clear: both; font-family: 微软雅黑; white-space: normal; text-align: center;"><span style="margin: 0px; padding: 0px;"><strong style="margin: 0px; padding: 0px;"><span style="margin: 0px; padding: 0px; font-size: 15px;">本期审核：郭林涛</span></strong></span></p><p style="margin-top: 0px; margin-bottom: 0px; padding: 0px; clear: both; font-family: 微软雅黑; white-space: normal;"><br/></p><p><br/></p>', '王海荣', '4+1街舞社', 1493702254, '/news\\20170502\\be21a1fbc262d598faa45bc16324301d.jpg', '');
INSERT INTO `faith_news` (`news_id`, `community_id`, `news_listorder`, `news_title`, `news_abstract`, `news_title2`, `news_status`, `news_sources`, `editorValue`, `news_author`, `news_key`, `news_time`, `news_image`, `file`) VALUES
(7, 2, 0, '厉害了，我的英语俱乐部！', '英语角的英语称谓是English corner，是指为提高英语口语，而进行的一种英语口语练习活动。', 'English corner', 1, '英语协会', '<section class="_135editor" data-tools="135编辑器" data-id="87692" style="margin: 0px; padding: 0px; font-family: 微软雅黑; white-space: normal; border-width: 0px; border-style: none; border-color: initial; box-sizing: border-box;"><section style="margin: 1em auto 10px; padding: 0px;"><section style="margin: 0px; padding: 8px 10px; color: rgb(255, 255, 255); box-sizing: border-box; display: inline-block; vertical-align: middle; background-color: rgb(33, 33, 34); max-width: 40%;"><p class="135brush" data-brushtype="text" style="margin-top: 0px; margin-bottom: 0px; padding: 0px; clear: both; line-height: 1.2;">来自英语俱乐部的精彩回顾</p></section><section data-width="100%" style="margin: -15px 0px 0px; padding: 0px; border-top: 1px solid rgb(33, 33, 34); width: 556px; vertical-align: middle; box-sizing: border-box;"></section></section></section><p style="margin-top: 0px; margin-bottom: 0px; padding: 0px; clear: both; font-family: 微软雅黑; white-space: normal;"><br style="margin: 0px; padding: 0px;"/></p><p><br/></p><section class="_135editor" data-tools="135编辑器" data-id="89136" style="margin: 0px; padding: 0px; font-family: 微软雅黑; white-space: normal; border-width: 0px; border-style: none; border-color: initial; box-sizing: border-box;"><section style="margin: 0px; padding: 10px; text-align: center; box-sizing: border-box;"><section data-width="100%" style="margin: 0px 0px -14px; padding: 0px; width: 536px; height: 15px; overflow: hidden;"><section style="margin: 0px auto; padding: 0px; width: 30px; height: 30px; border-radius: 100%; border-width: 1px; border-style: solid; border-color: rgb(13, 12, 12); box-sizing: border-box;"></section></section><section style="margin: 0px; padding: 10px 0px; width: auto; border-top: 1px solid rgb(13, 12, 12); border-bottom: 1px solid rgb(13, 12, 12); display: inline-block; box-sizing: border-box;"><section data-width="100%" style="margin: -16px 0px 0px; padding: 0px; width: 168.672px; height: 10px; overflow: hidden;"><section style="margin: 0px auto; padding: 0px; width: 10px; height: 10px; border-radius: 100%; border-width: 1px; border-style: solid; border-color: rgb(13, 12, 12); background: rgb(255, 255, 255); box-sizing: border-box;"></section></section><section data-width="100%" style="margin: 0px; padding: 0px; width: 168.672px; clear: both; height: 5px;"></section><section style="margin: 0px; padding: 0px; float: left; height: 40px; overflow: hidden;"><section style="margin: 0px; padding: 0px; width: 0px; height: 0px; border-top: 20px solid rgb(13, 12, 12); border-left: 20px solid transparent; box-sizing: border-box;"></section><section style="margin: 0px; padding: 0px; width: 0px; height: 0px; border-bottom: 20px solid rgb(13, 12, 12); border-left: 20px solid transparent; box-sizing: border-box;"></section></section><section class="135brush" data-brushtype="text" style="margin: 0px; padding: 0px 10px; width: auto; height: 40px; float: left; background-color: rgb(13, 12, 12); line-height: 40px; font-size: 20px; color: rgb(255, 255, 255); box-sizing: border-box;">2016~2017</section><section style="margin: 0px; padding: 0px; float: left; height: 40px; overflow: hidden;"><section style="margin: 0px; padding: 0px; width: 0px; height: 0px; border-top: 20px solid rgb(13, 12, 12); border-right: 20px solid transparent; box-sizing: border-box;"></section><section style="margin: 0px; padding: 0px; width: 0px; height: 0px; border-bottom: 20px solid rgb(13, 12, 12); border-right: 20px solid transparent; box-sizing: border-box;"></section></section><section data-width="100%" style="margin: 0px; padding: 0px; width: 168.672px; clear: both;"></section></section><section data-width="100%" style="margin: -13px 0px 0px; padding: 0px; width: 536px; height: 10px;"><section style="margin: 0px auto; padding: 0px; width: 10px; height: 10px; border-radius: 100%; border-width: 1px; border-style: solid; border-color: rgb(13, 12, 12); background: rgb(255, 255, 255); display: inline-block; box-sizing: border-box;"></section></section><section data-width="100%" style="margin: 2px 0px 0px; padding: 0px; width: 536px; height: 15px; overflow: hidden;"><section style="margin: -15px auto 0px; padding: 0px; width: 30px; height: 30px; border-radius: 100%; border-width: 1px; border-style: solid; border-color: rgb(13, 12, 12); box-sizing: border-box;"></section></section></section><section data-width="100%" style="margin: 0px; padding: 0px; width: 556px; clear: both;"></section></section><p><br/></p><p style="margin-top: 0px; margin-bottom: 0px; padding: 0px; clear: both; font-family: 微软雅黑; white-space: normal; text-align: left;"><br style="margin: 0px; padding: 0px;"/></p><p style="margin-top: 0px; margin-bottom: 0px; padding: 0px; clear: both; font-family: 微软雅黑; white-space: normal;"><br style="margin: 0px; padding: 0px;"/></p><table width="553"><tbody style="margin: 0px; padding: 0px;"><tr class="firstRow" style="margin: 0px; padding: 0px;"><td width="553" valign="top" style="margin: 0px; padding: 0px 7px; border-top: 43px none rgb(255, 255, 255); border-bottom-width: 2px; border-bottom-color: rgb(156, 194, 229);"><p style="clear: both;"><strong style="margin: 0px; padding: 0px;"><span style="margin: 0px; padding: 0px; font-size: 19px;">英语协会新生见面大会</span></strong><strong style="margin: 0px; padding: 0px;"><span style="margin: 0px; padding: 0px; font-size: 19px;">&nbsp;</span></strong></p></td></tr><tr style="margin: 0px; padding: 0px;"><td width="553" valign="top" style="margin: 0px; padding: 0px 7px; border-top-width: 0px; border-top-color: rgb(156, 194, 229); border-bottom-color: rgb(156, 194, 229); background: rgb(222, 234, 246);"><p style="clear: both;"><strong style="margin: 0px; padding: 0px;"><span style="margin: 0px; padding: 0px; font-size: 19px;">新生团副活动---别墅趴</span></strong></p></td></tr><tr style="margin: 0px; padding: 0px;"><td width="553" valign="top" style="margin: 0px; padding: 0px 7px; border-top: none; border-bottom-color: rgb(156, 194, 229);"><p style="clear: both;"><strong style="margin: 0px; padding: 0px;"><span style="margin: 0px; padding: 0px; color: rgb(255, 0, 0); font-size: 19px;">★</span></strong><strong style="margin: 0px; padding: 0px;"><span style="margin: 0px; padding: 0px; font-size: 19px;">万圣节派对（与扬州新东方英语培训机构合办）</span></strong></p></td></tr><tr style="margin: 0px; padding: 0px;"><td width="553" valign="top" style="margin: 0px; padding: 0px 7px; border-top: none; border-bottom-color: rgb(156, 194, 229); background: rgb(222, 234, 246);"><p style="clear: both;"><strong style="margin: 0px; padding: 0px;"><span style="margin: 0px; padding: 0px; font-size: 19px;">英语角：plans for college life</span></strong></p></td></tr><tr style="margin: 0px; padding: 0px;"><td width="553" valign="top" style="margin: 0px; padding: 0px 7px; border-top: none; border-bottom-color: rgb(156, 194, 229);"><p style="clear: both;"><strong style="margin: 0px; padding: 0px;"><span style="margin: 0px; padding: 0px; font-size: 19px;">一期一会 topic：恋爱观</span></strong></p></td></tr><tr style="margin: 0px; padding: 0px;"><td width="553" valign="top" style="margin: 0px; padding: 0px 7px; border-top: none; border-bottom-color: rgb(156, 194, 229); background: rgb(222, 234, 246);"><p style="clear: both;"><strong style="margin: 0px; padding: 0px;"><span style="margin: 0px; padding: 0px; font-size: 19px;">英语角scandal experience（你闹过的笑话）</span></strong></p></td></tr><tr style="margin: 0px; padding: 0px;"><td width="553" valign="top" style="margin: 0px; padding: 0px 7px; border-top: none; border-bottom-color: rgb(156, 194, 229);"><p style="clear: both;"><strong style="margin: 0px; padding: 0px;"><span style="margin: 0px; padding: 0px; font-size: 19px;">一期一会：favourite</span></strong><strong style="margin: 0px; padding: 0px;"><span style="margin: 0px; padding: 0px; font-size: 19px;">&nbsp;</span></strong><strong style="margin: 0px; padding: 0px;"><span style="margin: 0px; padding: 0px; font-size: 19px;">moives(你最喜欢的电影)</span></strong></p></td></tr><tr style="margin: 0px; padding: 0px;"><td width="553" valign="top" style="margin: 0px; padding: 0px 7px; border-top: none; border-bottom-color: rgb(156, 194, 229); background: rgb(222, 234, 246);"><p style="clear: both;"><strong style="margin: 0px; padding: 0px;"><span style="margin: 0px; padding: 0px; font-size: 19px;">英语角topic：hobbies（兴趣与特长）</span></strong></p></td></tr><tr style="margin: 0px; padding: 0px;"><td width="553" valign="top" style="margin: 0px; padding: 0px 7px; border-top: none; border-bottom-color: rgb(156, 194, 229);"><p style="clear: both;"><strong style="margin: 0px; padding: 0px;"><span style="margin: 0px; padding: 0px; color: rgb(255, 0, 0); font-size: 19px;">★</span></strong><strong style="margin: 0px; padding: 0px;"><span style="margin: 0px; padding: 0px; font-size: 19px;">四级辅导交流会（刘超老师主讲）</span></strong></p></td></tr><tr style="margin: 0px; padding: 0px;"><td width="553" valign="top" style="margin: 0px; padding: 0px 7px; border-top: none; border-bottom-color: rgb(156, 194, 229); background: rgb(222, 234, 246);"><p style="clear: both;"><strong style="margin: 0px; padding: 0px;"><span style="margin: 0px; padding: 0px; font-size: 19px;">一期一会topic：travelling（旅游）</span></strong></p></td></tr><tr style="margin: 0px; padding: 0px;"><td width="553" valign="top" style="margin: 0px; padding: 0px 7px; border-top: none; border-bottom-color: rgb(156, 194, 229);"><p style="clear: both;"><strong style="margin: 0px; padding: 0px;"><span style="margin: 0px; padding: 0px; font-size: 19px;">期末总结大会(颁发十佳社员)</span></strong></p></td></tr><tr style="margin: 0px; padding: 0px;"><td width="553" valign="top" style="margin: 0px; padding: 0px 7px; border-top: none; border-bottom-color: rgb(156, 194, 229); background: rgb(222, 234, 246);"><p style="clear: both;"><strong style="margin: 0px; padding: 0px;"><span style="margin: 0px; padding: 0px; font-size: 19px;">团副交流活动英语游戏</span></strong></p></td></tr><tr style="margin: 0px; padding: 0px;"><td width="553" valign="top" style="margin: 0px; padding: 0px 7px; border-top: none; border-bottom-color: rgb(156, 194, 229);"><p style="clear: both;"><strong style="margin: 0px; padding: 0px;"><span style="margin: 0px; padding: 0px; font-size: 19px;">一期一会topic:音乐</span></strong></p></td></tr></tbody></table><p style="margin-top: 0px; margin-bottom: 0px; padding: 0px; clear: both; font-family: 微软雅黑; white-space: normal; text-align: right;"><span style="margin: 0px; padding: 0px; color: rgb(255, 0, 0); font-size: 12px;">Note below:“英语角””四六级辅导”“</span><span style="margin: 0px; padding: 0px; color: rgb(255, 0, 0); font-size: 12px;">&nbsp;</span><span style="margin: 0px; padding: 0px; color: rgb(255, 0, 0); font-size: 12px;">一期一会”为固定活动</span></p><p style="margin-top: 0px; margin-bottom: 0px; padding: 0px; clear: both; font-family: 微软雅黑; white-space: normal; text-align: right;"><br style="margin: 0px; padding: 0px;"/></p><p><br/></p><section class="_135editor" data-tools="135编辑器" data-id="89136" style="margin: 0px; padding: 0px; font-family: 微软雅黑; white-space: normal; border-width: 0px; border-style: none; border-color: initial; box-sizing: border-box;"><section style="margin: 0px; padding: 10px; text-align: center; box-sizing: border-box;"><section data-width="100%" style="margin: 0px 0px -14px; padding: 0px; width: 536px; height: 15px; overflow: hidden;"><section style="margin: 0px auto; padding: 0px; width: 30px; height: 30px; border-radius: 100%; border-width: 1px; border-style: solid; border-color: rgb(13, 12, 12); box-sizing: border-box;"></section></section><section style="margin: 0px; padding: 10px 0px; width: auto; border-top: 1px solid rgb(13, 12, 12); border-bottom: 1px solid rgb(13, 12, 12); display: inline-block; box-sizing: border-box;"><section data-width="100%" style="margin: -16px 0px 0px; padding: 0px; width: 220px; height: 10px; overflow: hidden;"><section style="margin: 0px auto; padding: 0px; width: 10px; height: 10px; border-radius: 100%; border-width: 1px; border-style: solid; border-color: rgb(13, 12, 12); background: rgb(255, 255, 255); box-sizing: border-box;"></section></section><section data-width="100%" style="margin: 0px; padding: 0px; width: 220px; clear: both; height: 5px;"></section><section style="margin: 0px; padding: 0px; float: left; height: 40px; overflow: hidden;"><section style="margin: 0px; padding: 0px; width: 0px; height: 0px; border-top: 20px solid rgb(13, 12, 12); border-left: 20px solid transparent; box-sizing: border-box;"></section><section style="margin: 0px; padding: 0px; width: 0px; height: 0px; border-bottom: 20px solid rgb(13, 12, 12); border-left: 20px solid transparent; box-sizing: border-box;"></section></section><section class="135brush" data-brushtype="text" style="margin: 0px; padding: 0px 10px; width: auto; height: 40px; float: left; background-color: rgb(13, 12, 12); line-height: 40px; font-size: 20px; color: rgb(255, 255, 255); box-sizing: border-box;">接下来的主要活动</section><section style="margin: 0px; padding: 0px; float: left; height: 40px; overflow: hidden;"><section style="margin: 0px; padding: 0px; width: 0px; height: 0px; border-top: 20px solid rgb(13, 12, 12); border-right: 20px solid transparent; box-sizing: border-box;"></section><section style="margin: 0px; padding: 0px; width: 0px; height: 0px; border-bottom: 20px solid rgb(13, 12, 12); border-right: 20px solid transparent; box-sizing: border-box;"></section></section><section data-width="100%" style="margin: 0px; padding: 0px; width: 220px; clear: both;"></section></section><section data-width="100%" style="margin: -13px 0px 0px; padding: 0px; width: 536px; height: 10px;"><section style="margin: 0px auto; padding: 0px; width: 10px; height: 10px; border-radius: 100%; border-width: 1px; border-style: solid; border-color: rgb(13, 12, 12); background: rgb(255, 255, 255); display: inline-block; box-sizing: border-box;"></section></section><section data-width="100%" style="margin: 2px 0px 0px; padding: 0px; width: 536px; height: 15px; overflow: hidden;"><section style="margin: -15px auto 0px; padding: 0px; width: 30px; height: 30px; border-radius: 100%; border-width: 1px; border-style: solid; border-color: rgb(13, 12, 12); box-sizing: border-box;"></section></section></section><section data-width="100%" style="margin: 0px; padding: 0px; width: 556px; clear: both;"></section></section><p><br/></p><p style="margin-top: 0px; margin-bottom: 0px; padding: 0px; clear: both; font-family: 微软雅黑; white-space: normal; text-align: center;"><br style="margin: 0px; padding: 0px;"/></p><table width="553"><tbody style="margin: 0px; padding: 0px;"><tr class="firstRow" style="margin: 0px; padding: 0px;"><td width="553" valign="top" style="margin: 0px; padding: 0px 7px; border-top: 43px none rgb(255, 255, 255); border-bottom-width: 2px; border-bottom-color: rgb(244, 176, 131);"><p style="clear: both;"><strong style="margin: 0px; padding: 0px;"><span style="margin: 0px; padding: 0px; color: rgb(255, 0, 0); font-size: 19px;">★</span></strong><strong style="margin: 0px; padding: 0px;"><span style="margin: 0px; padding: 0px; font-size: 19px;">英语演讲</span></strong></p></td></tr><tr style="margin: 0px; padding: 0px;"><td width="553" valign="top" style="margin: 0px; padding: 0px 7px; border-top-width: 0px; border-top-color: rgb(244, 176, 131); border-bottom-color: rgb(244, 176, 131); background: rgb(251, 228, 213);"><p style="clear: both;"><strong style="margin: 0px; padding: 0px;"><span style="margin: 0px; padding: 0px; font-size: 19px;">一期一会正常举行</span></strong></p></td></tr><tr style="margin: 0px; padding: 0px;"><td width="553" valign="top" style="margin: 0px; padding: 0px 7px; border-top: none; border-bottom-color: rgb(244, 176, 131);"><p style="clear: both;"><strong style="margin: 0px; padding: 0px;"><span style="margin: 0px; padding: 0px; font-size: 19px;">春游集体活动</span></strong></p></td></tr><tr style="margin: 0px; padding: 0px;"><td width="553" valign="top" style="margin: 0px; padding: 0px 7px; border-top: none; border-bottom-color: rgb(244, 176, 131); background: rgb(251, 228, 213);"><p style="clear: both;"><strong style="margin: 0px; padding: 0px;"><span style="margin: 0px; padding: 0px; font-size: 19px;">英语角正常举行</span></strong></p></td></tr><tr style="margin: 0px; padding: 0px;"><td width="553" valign="top" style="margin: 0px; padding: 0px 7px; border-top: none; border-bottom-color: rgb(244, 176, 131);"><p style="clear: both;"><strong style="margin: 0px; padding: 0px;"><span style="margin: 0px; padding: 0px; color: rgb(255, 0, 0); font-size: 19px;">★</span></strong><strong style="margin: 0px; padding: 0px;"><span style="margin: 0px; padding: 0px; font-size: 19px;">六级辅导交流会（刘超老师主讲）</span></strong></p></td></tr></tbody></table><section class="_135editor" data-tools="135编辑器" data-id="86430" style="margin: 0px; padding: 0px; font-family: 微软雅黑; white-space: normal; border-width: 0px; border-style: none; border-color: initial; box-sizing: border-box;"><section class="layout" style="margin: 0px auto; padding: 0px;"><section data-width="100%" style="margin: 10px 0px; padding: 0px; line-height: 10px; color: inherit; border-width: 1px; border-style: solid; border-color: rgb(43, 34, 125); display: inline-block; width: 556px; box-sizing: border-box;"><section style="margin: -6px 0px; padding: 0px; color: inherit; height: 8px; box-sizing: border-box;"><section style="margin: 5px auto 0px -3px; padding: 0px; box-sizing: border-box; text-decoration: inherit; border-right: 2px solid rgb(43, 34, 125); display: inline-block; width: 24px; height: 24px; border-radius: 0px 0px 24px; background-color: rgb(254, 254, 254);"><section style="margin: 0px; padding: 0px; border-width: 1px; border-style: solid; border-color: rgb(43, 34, 125); width: 10px; height: 10px; border-radius: 50%; box-sizing: border-box;"><br/></section></section><section style="margin: 5px -3px -4px; padding: 0px 0px 0px 12px; box-sizing: border-box; text-decoration: inherit; border-left: 2px solid rgb(43, 34, 125); display: inline-block; float: right; width: 24px; height: 24px; border-radius: 0px 0px 0px 24px; background-color: rgb(254, 254, 254);"><section style="margin: 0px; padding: 0px; border-width: 1px; border-style: solid; border-color: rgb(43, 34, 125); width: 10px; height: 10px; border-radius: 50%; box-sizing: border-box;"></section></section><section class="135brush" data-style="color: inherit; text-align: center; line-height: 1.75em;font-size: 14px; " style="margin: 0px; padding: 5px 15px; color: rgb(62, 62, 62); line-height: 1.75em; font-size: 14px; box-sizing: border-box;"><p style="margin-top: 0px; margin-bottom: 0px; padding: 0px; clear: both; color: inherit; text-align: center; line-height: 1.75em;">&nbsp;由于英语学习在很多同学看来是一条十分枯燥乏味的道路，所以我协会一直致力于营造一种自由文化氛围。通过各式的活动，鼓励大家说出自己的英语，SHOW出自己的风采。在保证大家英语学习的自由化和主动化的同时，我们通过活动中多样化的影响，潜移默化的提高大家的英语水平，规范大家的日常英语使用。</p><p style="margin-top: 0px; margin-bottom: 0px; padding: 0px; clear: both; color: inherit; text-align: center; line-height: 1.75em;">自成立以来，英语学会以增养同学学习英语的兴趣为基础，提高会员的英语水平为目标，举办了各种形式新颖、内容丰富的活动。如：开办英语角、举办英语聚会，看英语世界名片，到户外参加英语活动以及举办各种英语知识竞赛等等，为英语爱好者创造了一片学英语的天空！</p></section><section style="margin: 6px auto 0px -3px; padding: 12px 0px 0px; box-sizing: border-box; text-decoration: inherit; border-right: 2px solid rgb(43, 34, 125); display: inline-block; width: 24px; height: 24px; border-radius: 0px 24px 0px 0px; background-color: rgb(254, 254, 254);"><section style="margin: 0px; padding: 0px; border-width: 1px; border-style: solid; border-color: rgb(43, 34, 125); width: 10px; height: 10px; border-radius: 50%; box-sizing: border-box;"></section></section><section style="margin: 6px -3px -1px; padding: 12px 0px 0px 12px; box-sizing: border-box; text-decoration: inherit; float: right; border-left: 2px solid rgb(43, 34, 125); display: inline-block; width: 24px; height: 24px; border-radius: 24px 0px 0px; background-color: rgb(254, 254, 254);"><section style="margin: 0px; padding: 0px; border-width: 1px; border-style: solid; border-color: rgb(43, 34, 125); width: 10px; height: 10px; border-radius: 50%; box-sizing: border-box;"></section></section></section></section></section></section><p><br/></p><p style="margin-top: 0px; margin-bottom: 0px; padding: 0px; clear: both; font-family: 微软雅黑; white-space: normal; text-indent: 64px;"><br style="margin: 0px; padding: 0px;"/></p><p><br/></p><section class="_135editor" data-tools="135编辑器" data-id="89136" style="margin: 0px; padding: 0px; font-family: 微软雅黑; white-space: normal; border-width: 0px; border-style: none; border-color: initial; box-sizing: border-box;"><section style="margin: 0px; padding: 10px; text-align: center; box-sizing: border-box;"><section data-width="100%" style="margin: 0px 0px -14px; padding: 0px; width: 536px; height: 15px; overflow: hidden;"><section style="margin: 0px auto; padding: 0px; width: 30px; height: 30px; border-radius: 100%; border-width: 1px; border-style: solid; border-color: rgb(13, 12, 12); box-sizing: border-box;"></section></section><section style="margin: 0px; padding: 10px 0px; width: auto; border-top: 1px solid rgb(13, 12, 12); border-bottom: 1px solid rgb(13, 12, 12); display: inline-block; box-sizing: border-box;"><section data-width="100%" style="margin: -16px 0px 0px; padding: 0px; width: 140px; height: 10px; overflow: hidden;"><section style="margin: 0px auto; padding: 0px; width: 10px; height: 10px; border-radius: 100%; border-width: 1px; border-style: solid; border-color: rgb(13, 12, 12); background: rgb(255, 255, 255); box-sizing: border-box;"></section></section><section data-width="100%" style="margin: 0px; padding: 0px; width: 140px; clear: both; height: 5px;"></section><section style="margin: 0px; padding: 0px; float: left; height: 40px; overflow: hidden;"><section style="margin: 0px; padding: 0px; width: 0px; height: 0px; border-top: 20px solid rgb(13, 12, 12); border-left: 20px solid transparent; box-sizing: border-box;"></section><section style="margin: 0px; padding: 0px; width: 0px; height: 0px; border-bottom: 20px solid rgb(13, 12, 12); border-left: 20px solid transparent; box-sizing: border-box;"></section></section><section class="135brush" data-brushtype="text" style="margin: 0px; padding: 0px 10px; width: auto; height: 40px; float: left; background-color: rgb(13, 12, 12); line-height: 40px; font-size: 20px; color: rgb(255, 255, 255); box-sizing: border-box;">活动展示</section><section style="margin: 0px; padding: 0px; float: left; height: 40px; overflow: hidden;"><section style="margin: 0px; padding: 0px; width: 0px; height: 0px; border-top: 20px solid rgb(13, 12, 12); border-right: 20px solid transparent; box-sizing: border-box;"></section><section style="margin: 0px; padding: 0px; width: 0px; height: 0px; border-bottom: 20px solid rgb(13, 12, 12); border-right: 20px solid transparent; box-sizing: border-box;"></section></section><section data-width="100%" style="margin: 0px; padding: 0px; width: 140px; clear: both;"></section></section><section data-width="100%" style="margin: -13px 0px 0px; padding: 0px; width: 536px; height: 10px;"><section style="margin: 0px auto; padding: 0px; width: 10px; height: 10px; border-radius: 100%; border-width: 1px; border-style: solid; border-color: rgb(13, 12, 12); background: rgb(255, 255, 255); display: inline-block; box-sizing: border-box;"></section></section></section></section><section class="_135editor" data-tools="135编辑器" data-id="88405" style="margin: 0px; padding: 0px; font-family: 微软雅黑; white-space: normal; border-width: 0px; border-style: none; border-color: initial; box-sizing: border-box;"><section style="margin: 10px 0px; padding: 0px;"><section style="margin: 0px; padding: 0px 1em; box-sizing: border-box;"><section class="135brush" data-style="font-size: 14px; color: rgb(160, 160, 160); line-height: 1.8;" style="margin: 0px; padding: 10px; font-size: 14px; color: rgb(160, 160, 160); line-height: 1.8; box-sizing: border-box;">英语俱乐部的小伙伴们在这一年的时间里，都建立了深厚的友谊，并且在每期的英语演讲中大胆发言，大家都敢说敢讲，在这个大家庭里收获了真本事，并且乐在其中。</section></section></section></section><section class="_135editor" data-tools="135编辑器" data-id="89138" style="margin: 0px; padding: 0px; font-family: 微软雅黑; white-space: normal; border-width: 0px; border-style: none; border-color: initial; box-sizing: border-box;"><section style="margin: 0px; padding: 10px; text-align: center; box-sizing: border-box;"><section style="margin: 0px; padding: 10px 15px; width: auto; height: 50px; display: inline-block; border-bottom: 1px solid rgb(15, 13, 13); border-top: 1px solid rgb(15, 13, 13); box-sizing: border-box;"><section data-width="100%" style="margin: -25px 0px 5px; padding: 0px; width: 172px; height: 20px;"><section class="135brush" data-brushtype="text" style="margin: 0px; padding: 0px 20px; width: auto; height: 20px; display: inline-block; background-color: rgb(255, 255, 255); font-size: 10px; line-height: 20px; color: rgb(66, 66, 66); box-sizing: border-box;">我们英语俱乐部</section></section><section style="margin: 0px; padding: 0px 30px; height: 30px; width: auto; background-image: url(&quot;https://mmbiz.qlogo.cn/mmbiz_png/fgnkxfGnnkSBJo13oUicPbCbqeTcIyiakNaTgj1xXhhm1rlYtCO06klMaiaic0Qq5D7ETWEW1a5BsQaQ44JiaNEZouQ/0?wx_fmt=png&quot;); background-repeat: no-repeat; background-size: 100% 100%; background-color: rgb(15, 13, 13); box-sizing: border-box;"><span style="margin: 0px; padding: 0px; color: rgb(255, 255, 255);">我们英语俱乐部</span></section></section></section></section><p><br/></p><p style="margin-top: 0px; margin-bottom: 0px; padding: 0px; clear: both; font-family: 微软雅黑; white-space: normal; text-align: center;"><br style="margin: 0px; padding: 0px;"/></p><p style="margin-top: 0px; margin-bottom: 0px; padding: 0px; clear: both; font-family: 微软雅黑; white-space: normal; text-align: center;"></p><p style="margin-top: 0px; margin-bottom: 0px; padding: 0px; clear: both; font-family: 微软雅黑; white-space: normal; text-align: justify; color: rgb(120, 114, 114); font-size: 15px; line-height: 1.8;">The English Association of Tongda College was established in 2012, which is a student-initiated academic organization. The association aims to practice skills of expression and communication, and lead you to enjoy the beauty of languages. Our association activities include English corner, Christmas party, English speaking competition and the guidance of cet4 and cet6 made by professor and outstanding students. In 2015, English Association was evaluated as one of the five-star organizations. Now, the association has attracted a great number of students to participate in our activities regularly. We are still on the way to become a distinguished club with our own characteristics.</p><p style="margin-top: 0px; margin-bottom: 0px; padding: 0px; clear: both; font-family: 微软雅黑; white-space: normal; text-align: justify; color: rgb(120, 114, 114); font-size: 15px; line-height: 1.8;">Handsome boys and clever girls, if you want to join us, just do it</p><p style="margin-top: 0px; margin-bottom: 0px; padding: 0px; clear: both; font-family: 微软雅黑; white-space: normal;"><br style="margin: 0px; padding: 0px;"/></p><p><br/></p><section data-role="outer" label="Powered by 135editor.com" style="margin: 0px; padding: 0px; font-family: 微软雅黑; white-space: normal; max-width: 100%; box-sizing: border-box !important; word-wrap: break-word !important;"><section label="Powered by 135editor.com" data-role="outer" style="margin: 0px; padding: 0px; max-width: 100%; box-sizing: border-box !important; word-wrap: break-word !important;"><p style="margin-top: 0px; margin-bottom: 0px; padding: 0px; clear: both; max-width: 100%; min-height: 1em; white-space: pre-wrap; background-color: rgb(255, 255, 255); text-align: center; box-sizing: border-box !important; word-wrap: break-word !important; overflow-wrap: break-word !important;"><span style="margin: 0px; padding: 0px; max-width: 100%; font-size: 14px; box-sizing: border-box !important; word-wrap: break-word !important;"><strong style="margin: 0px; padding: 0px; max-width: 100%; box-sizing: border-box !important; word-wrap: break-word !important;"><span style="margin: 0px; padding: 0px; max-width: 100%; box-sizing: border-box !important; word-wrap: break-word !important;">本期编辑：王海荣</span></strong></span></p><p style="margin-top: 0px; margin-bottom: 0px; padding: 0px; clear: both; max-width: 100%; min-height: 1em; white-space: pre-wrap; background-color: rgb(255, 255, 255); text-align: center; box-sizing: border-box !important; word-wrap: break-word !important; overflow-wrap: break-word !important;"><span style="margin: 0px; padding: 0px; max-width: 100%; font-size: 14px; box-sizing: border-box !important; word-wrap: break-word !important;"><strong style="margin: 0px; padding: 0px; max-width: 100%; box-sizing: border-box !important; word-wrap: break-word !important;"><span style="margin: 0px; padding: 0px; max-width: 100%; box-sizing: border-box !important; word-wrap: break-word !important;">审核：新闻信息部</span></strong><strong style="margin: 0px; padding: 0px; max-width: 100%; box-sizing: border-box !important; word-wrap: break-word !important;"><span style="margin: 0px; padding: 0px; max-width: 100%; box-sizing: border-box !important; word-wrap: break-word !important;"></span></strong></span></p><p style="margin-top: 0px; margin-bottom: 0px; padding: 0px; clear: both; max-width: 100%; min-height: 1em; text-align: center; box-sizing: border-box !important; word-wrap: break-word !important;"><span style="margin: 0px; padding: 0px; max-width: 100%; font-size: 14px; box-sizing: border-box !important; word-wrap: break-word !important;"><strong style="margin: 0px; padding: 0px; max-width: 100%; box-sizing: border-box !important; word-wrap: break-word !important;"><span style="margin: 0px; padding: 0px; max-width: 100%; box-sizing: border-box !important; word-wrap: break-word !important;"><br style="margin: 0px; padding: 0px; max-width: 100%; box-sizing: border-box !important; word-wrap: break-word !important;"/></span></strong></span></p><p style="margin-top: 0px; margin-bottom: 0px; padding: 0px; clear: both; max-width: 100%; min-height: 1em; box-sizing: border-box !important; word-wrap: break-word !important;"><br style="margin: 0px; padding: 0px; max-width: 100%; box-sizing: border-box !important; word-wrap: break-word !important;"/></p><p style="margin-top: 0px; margin-bottom: 0px; padding: 0px; clear: both; max-width: 100%; min-height: 1em; white-space: pre-wrap; background-color: rgb(255, 255, 255); text-align: center; box-sizing: border-box !important; word-wrap: break-word !important; overflow-wrap: break-word !important;"><span style="margin: 0px; padding: 0px; max-width: 100%; color: rgb(178, 178, 178); font-size: 14px; box-sizing: border-box !important; word-wrap: break-word !important; overflow-wrap: break-word !important;"><strong style="margin: 0px; padding: 0px; max-width: 100%; box-sizing: border-box !important; word-wrap: break-word !important; overflow-wrap: break-word !important;">社团联合会</strong></span></p><p style="margin-top: 0px; margin-bottom: 0px; padding: 0px; clear: both; max-width: 100%; min-height: 1em; white-space: pre-wrap; background-color: rgb(255, 255, 255); box-sizing: border-box !important; word-wrap: break-word !important; overflow-wrap: break-word !important;"><br style="margin: 0px; padding: 0px; max-width: 100%; box-sizing: border-box !important; word-wrap: break-word !important; overflow-wrap: break-word !important;"/></p><p style="margin-top: 0px; margin-bottom: 0px; padding: 0px; clear: both; max-width: 100%; min-height: 1em; white-space: pre-wrap; background-color: rgb(255, 255, 255); text-align: center; box-sizing: border-box !important; word-wrap: break-word !important; overflow-wrap: break-word !important;"><span style="margin: 0px; padding: 0px; max-width: 100%; color: rgb(178, 178, 178); font-size: 14px; box-sizing: border-box !important; word-wrap: break-word !important; overflow-wrap: break-word !important;"><strong style="margin: 0px; padding: 0px; max-width: 100%; box-sizing: border-box !important; word-wrap: break-word !important; overflow-wrap: break-word !important;">是带领全校社团进行社团活动的组织</strong></span></p><p style="margin-top: 0px; margin-bottom: 0px; padding: 0px; clear: both; max-width: 100%; min-height: 1em; white-space: pre-wrap; background-color: rgb(255, 255, 255); box-sizing: border-box !important; word-wrap: break-word !important; overflow-wrap: break-word !important;"><br style="margin: 0px; padding: 0px; max-width: 100%; box-sizing: border-box !important; word-wrap: break-word !important; overflow-wrap: break-word !important;"/></p><p style="margin-top: 0px; margin-bottom: 0px; padding: 0px; clear: both; max-width: 100%; min-height: 1em; white-space: pre-wrap; background-color: rgb(255, 255, 255); text-align: center; box-sizing: border-box !important; word-wrap: break-word !important; overflow-wrap: break-word !important;"><span style="margin: 0px; padding: 0px; max-width: 100%; color: rgb(178, 178, 178); font-size: 14px; box-sizing: border-box !important; word-wrap: break-word !important; overflow-wrap: break-word !important;"><strong style="margin: 0px; padding: 0px; max-width: 100%; box-sizing: border-box !important; word-wrap: break-word !important; overflow-wrap: break-word !important;">四年</strong></span></p><p style="margin-top: 0px; margin-bottom: 0px; padding: 0px; clear: both; max-width: 100%; min-height: 1em; white-space: pre-wrap; background-color: rgb(255, 255, 255); box-sizing: border-box !important; word-wrap: break-word !important; overflow-wrap: break-word !important;"><br style="margin: 0px; padding: 0px; max-width: 100%; box-sizing: border-box !important; word-wrap: break-word !important; overflow-wrap: break-word !important;"/></p><p style="margin-top: 0px; margin-bottom: 0px; padding: 0px; clear: both; max-width: 100%; min-height: 1em; white-space: pre-wrap; background-color: rgb(255, 255, 255); text-align: center; box-sizing: border-box !important; word-wrap: break-word !important; overflow-wrap: break-word !important;"><span style="margin: 0px; padding: 0px; max-width: 100%; color: rgb(178, 178, 178); font-size: 14px; box-sizing: border-box !important; word-wrap: break-word !important; overflow-wrap: break-word !important;"><strong style="margin: 0px; padding: 0px; max-width: 100%; box-sizing: border-box !important; word-wrap: break-word !important; overflow-wrap: break-word !important;">通达的每一个社团</strong></span></p><p style="margin-top: 0px; margin-bottom: 0px; padding: 0px; clear: both; max-width: 100%; min-height: 1em; white-space: pre-wrap; background-color: rgb(255, 255, 255); box-sizing: border-box !important; word-wrap: break-word !important; overflow-wrap: break-word !important;"><br style="margin: 0px; padding: 0px; max-width: 100%; box-sizing: border-box !important; word-wrap: break-word !important; overflow-wrap: break-word !important;"/></p><p style="margin-top: 0px; margin-bottom: 0px; padding: 0px; clear: both; max-width: 100%; min-height: 1em; white-space: pre-wrap; background-color: rgb(255, 255, 255); text-align: center; box-sizing: border-box !important; word-wrap: break-word !important; overflow-wrap: break-word !important;"><span style="margin: 0px; padding: 0px; max-width: 100%; color: rgb(178, 178, 178); font-size: 14px; box-sizing: border-box !important; word-wrap: break-word !important; overflow-wrap: break-word !important;"><strong style="margin: 0px; padding: 0px; max-width: 100%; box-sizing: border-box !important; word-wrap: break-word !important; overflow-wrap: break-word !important;">从最初创建者心中的一粒粒小种子</strong></span></p><p style="margin-top: 0px; margin-bottom: 0px; padding: 0px; clear: both; max-width: 100%; min-height: 1em; white-space: pre-wrap; background-color: rgb(255, 255, 255); box-sizing: border-box !important; word-wrap: break-word !important; overflow-wrap: break-word !important;"><br style="margin: 0px; padding: 0px; max-width: 100%; box-sizing: border-box !important; word-wrap: break-word !important; overflow-wrap: break-word !important;"/></p><p style="margin-top: 0px; margin-bottom: 0px; padding: 0px; clear: both; max-width: 100%; min-height: 1em; white-space: pre-wrap; background-color: rgb(255, 255, 255); text-align: center; box-sizing: border-box !important; word-wrap: break-word !important; overflow-wrap: break-word !important;"><span style="margin: 0px; padding: 0px; max-width: 100%; color: rgb(178, 178, 178); font-size: 14px; box-sizing: border-box !important; word-wrap: break-word !important; overflow-wrap: break-word !important;"><strong style="margin: 0px; padding: 0px; max-width: 100%; box-sizing: border-box !important; word-wrap: break-word !important; overflow-wrap: break-word !important;">到最终集结共同爱好者的一场场狂欢</strong></span></p><p style="margin-top: 0px; margin-bottom: 0px; padding: 0px; clear: both; max-width: 100%; min-height: 1em; white-space: pre-wrap; background-color: rgb(255, 255, 255); box-sizing: border-box !important; word-wrap: break-word !important; overflow-wrap: break-word !important;"><br style="margin: 0px; padding: 0px; max-width: 100%; box-sizing: border-box !important; word-wrap: break-word !important; overflow-wrap: break-word !important;"/></p><p style="margin-top: 0px; margin-bottom: 0px; padding: 0px; clear: both; max-width: 100%; min-height: 1em; white-space: pre-wrap; background-color: rgb(255, 255, 255); text-align: center; box-sizing: border-box !important; word-wrap: break-word !important; overflow-wrap: break-word !important;"><span style="margin: 0px; padding: 0px; max-width: 100%; color: rgb(178, 178, 178); font-size: 14px; box-sizing: border-box !important; word-wrap: break-word !important; overflow-wrap: break-word !important;"><strong style="margin: 0px; padding: 0px; max-width: 100%; box-sizing: border-box !important; word-wrap: break-word !important; overflow-wrap: break-word !important;">铭记在社联渐渐写长的历史上</strong></span></p><p style="margin-top: 0px; margin-bottom: 0px; padding: 0px; clear: both; max-width: 100%; min-height: 1em; white-space: pre-wrap; background-color: rgb(255, 255, 255); box-sizing: border-box !important; word-wrap: break-word !important; overflow-wrap: break-word !important;"><br style="margin: 0px; padding: 0px; max-width: 100%; box-sizing: border-box !important; word-wrap: break-word !important; overflow-wrap: break-word !important;"/></p><p style="margin-top: 0px; margin-bottom: 0px; padding: 0px; clear: both; max-width: 100%; min-height: 1em; white-space: pre-wrap; background-color: rgb(255, 255, 255); text-align: center; box-sizing: border-box !important; word-wrap: break-word !important; overflow-wrap: break-word !important;"><span style="margin: 0px; padding: 0px; max-width: 100%; color: rgb(178, 178, 178); font-size: 14px; box-sizing: border-box !important; word-wrap: break-word !important; overflow-wrap: break-word !important;"><strong style="margin: 0px; padding: 0px; max-width: 100%; box-sizing: border-box !important; word-wrap: break-word !important; overflow-wrap: break-word !important;">铭记在每一个社联人的眼睛里</strong></span></p></section></section>', '黄泽庚', '英语协会', 1493703702, '/news\\20170502\\51df87349f35135544fb2d496fe9c0c0.jpg', '');
INSERT INTO `faith_news` (`news_id`, `community_id`, `news_listorder`, `news_title`, `news_abstract`, `news_title2`, `news_status`, `news_sources`, `editorValue`, `news_author`, `news_key`, `news_time`, `news_image`, `file`) VALUES
(8, 11, 0, '【活动】南京邮电大学通达学院书画摄影大赛', '智巧兼优，心手双畅，翰不虚动，下必有由', '书画摄影大赛', 1, '社团联合会新闻信息部', '<section class="_135editor" data-tools="135编辑器" data-id="24" style="margin: 0px; padding: 0px; font-family: 微软雅黑; white-space: normal; box-sizing: border-box;"><section class="layout" style="margin: 10px auto; padding: 0px; box-sizing: border-box;"><section class="135brush" style="margin: 3px; padding: 15px; color: rgb(62, 62, 62); line-height: 24px; box-shadow: rgb(170, 170, 170) 0px 0px 3px; border-width: 2px; border-style: solid; border-color: rgb(240, 240, 240); box-sizing: border-box;"><section class="_135editor" data-tools="135编辑器" data-id="88005" style="margin: 0px; padding: 0px; box-sizing: border-box;"><section style="margin: 0px; padding: 0px 0px 3em; text-align: center; border-width: 0px; border-style: solid; border-color: rgb(239, 112, 96); box-sizing: border-box;"><section data-width="12em" style="margin: 1em auto; padding: 0px; width: 12em; height: 12em; border-width: 0.1em; border-style: solid; border-color: rgb(239, 112, 96); border-radius: 50%; box-sizing: border-box;"><section data-width="11em" style="margin: 0.45em; padding: 0px; width: 11em; height: 11em; max-height: 11em; border-width: 0.1em; border-style: solid; border-color: rgb(239, 112, 96); border-radius: 50%; box-sizing: border-box;"></section></section><section style="margin: -10em 0px 0px; padding: 0px; box-sizing: border-box;"><section style="margin: 0px; padding: 0px; box-sizing: border-box; color: rgb(239, 112, 96);"><span style="margin: 0px; padding: 0px; color: inherit; font-size: 12px; word-wrap: break-word;"><span style="margin: 0px; padding: 0px; line-height: 19.2px;">Calligraphy Competition</span></span></section><section border-color="rgb(9,46,105)" style="margin: 0px; padding: 3px 50px; border-bottom: 2px solid rgb(239, 112, 96); border-top: 2px solid rgb(239, 112, 96); border-right-color: rgb(239, 112, 96); border-left-color: rgb(239, 112, 96); display: inline-block; color: rgb(239, 112, 96); box-sizing: border-box; background-color: rgb(255, 255, 255);"><span style="margin: 0px; padding: 0px; font-size: 24px; font-weight: bold;">书画摄影大赛</span></section><section data-width="8em" style="margin: 0px auto; padding: 0px; color: rgb(239, 112, 96); width: 8em; box-sizing: border-box;"><span style="margin: 0px; padding: 0px; font-size: 12px;">11.21<br style="margin: 0px; padding: 0px;"/></span></section></section></section></section><p style="margin-top: 0px; margin-bottom: 0px; padding: 0px; clear: both; text-align: center;"><br style="margin: 0px; padding: 0px;"/></p><p style="margin-top: 0px; margin-bottom: 0px; padding: 0px; clear: both; text-align: center;"></p><section class="_135editor" data-tools="135编辑器" data-id="87671" style="margin: 0px; padding: 0px; box-sizing: border-box;"><section style="margin: 10px 0px; padding: 0px; box-sizing: border-box;"><section data-width="100%" style="margin: -1px 0px 0px; padding: 0px; display: inline-block; vertical-align: top; width: 516px; height: 1.2em; box-sizing: border-box;"><section style="margin: 0px; padding: 0px; float: left; box-sizing: border-box;"><section style="margin: 0px; padding: 0px; width: 1em; height: 1em; display: inline-block; border-bottom-right-radius: 100%; color: rgb(255, 255, 255); box-sizing: border-box; background-color: rgb(254, 254, 254);"></section><section style="margin: 0px; padding: 0px; display: inline-block; box-sizing: border-box;"><section style="margin: 0px 0px -0.3em -0.3em; padding: 0px; width: 7px; height: 7px; display: inline-block; border-radius: 100%; box-sizing: border-box; background-color: rgb(254, 254, 254);"></section><section style="margin: 0px 0px -0.2em; padding: 0px; width: 4px; height: 4px; display: inline-block; vertical-align: bottom; border-radius: 100%; box-sizing: border-box; background-color: rgb(254, 254, 254);"></section></section></section><section style="margin: 0px; padding: 0px; float: right; box-sizing: border-box;"><section style="margin: 0px; padding: 0px; display: inline-block; box-sizing: border-box;"><section style="margin: 0px 0px -0.2em; padding: 0px; width: 4px; height: 4px; display: inline-block; vertical-align: bottom; border-radius: 100%; box-sizing: border-box; background-color: rgb(254, 254, 254);"></section><section style="margin: 0px -0.3em -0.3em 0px; padding: 0px; width: 7px; height: 7px; display: inline-block; border-radius: 100%; box-sizing: border-box; background-color: rgb(254, 254, 254);"></section></section><section style="margin: -1px 0px 0px; padding: 0px; width: 1em; height: 1em; display: inline-block; border-bottom-left-radius: 100%; box-sizing: border-box; background-color: rgb(254, 254, 254);"></section></section></section><section data-width="100%" style="margin: -1.42em 0px -1.4em; padding: 20px 30px; width: 516px; color: rgb(172, 133, 2); box-sizing: border-box; background-color: rgb(254, 236, 175);"><section style="margin: 0px; padding: 0px; text-align: justify; box-sizing: border-box;"><section class="135brush" style="margin: 0px; padding: 0px; box-sizing: border-box;"><p style="margin-top: 0px; margin-bottom: 0px; padding: 0px; clear: both; text-align: center;">上次小联主要介绍了大赛的章程，下面由小联给大家透露一些比赛当天会出现的内容吧</p></section></section></section><section data-width="100%" style="margin: 0px; padding: 0px; display: inline-block; vertical-align: bottom; width: 516px; height: 1em; box-sizing: border-box;"><section style="margin: 0px; padding: 0px; float: left; box-sizing: border-box;"><section style="margin: 0px; padding: 0px; width: 1em; height: 1em; display: inline-block; border-top-right-radius: 100%; color: rgb(255, 255, 255); box-sizing: border-box; background-color: rgb(254, 254, 254);"></section><section style="margin: 0px; padding: 0px; display: inline-block; box-sizing: border-box;"><section style="margin: 0px 0px -0.2em -0.2em; padding: 0px; width: 7px; height: 7px; display: inline-block; vertical-align: top; border-radius: 100%; box-sizing: border-box; background-color: rgb(254, 254, 254);"></section><section style="margin: -0.3em 0px 0px; padding: 0px; width: 4px; height: 4px; display: inline-block; vertical-align: top; border-radius: 100%; box-sizing: border-box; background-color: rgb(254, 254, 254);"></section></section></section><section style="margin: 0px; padding: 0px; float: right; box-sizing: border-box;"><section style="margin: 0px; padding: 0px; display: inline-block; box-sizing: border-box;"><section style="margin: -0.3em 0px 0px; padding: 0px; width: 4px; height: 4px; display: inline-block; vertical-align: top; border-radius: 100%; box-sizing: border-box; background-color: rgb(254, 254, 254);"></section><section style="margin: 0px -0.2em -0.2em 0px; padding: 0px; width: 7px; height: 7px; display: inline-block; vertical-align: top; border-radius: 100%; box-sizing: border-box; background-color: rgb(254, 254, 254);"></section></section><section style="margin: 0px; padding: 0px; width: 1em; height: 1em; display: inline-block; border-top-left-radius: 100%; box-sizing: border-box; background-color: rgb(254, 254, 254);"></section></section><section style="margin: 0px; padding: 0px; clear: both; box-sizing: border-box;"></section></section></section></section><section class="_135editor" data-tools="135编辑器" data-id="86486" style="margin: 0px; padding: 0px; box-sizing: border-box;"><section style="margin: 30px; padding: 0px; color: rgb(39, 80, 44); box-sizing: border-box; background-color: rgb(164, 210, 169);"><section style="margin: -20px 0px 0px -4px; padding: 0px; width: 16px; height: 50px; border-left: 1px solid rgb(164, 210, 169); border-top-color: rgb(164, 210, 169); border-right-color: rgb(164, 210, 169); border-bottom-color: rgb(164, 210, 169); display: inline-block; background-color: rgb(254, 254, 254); transform: rotate(45deg);"></section><section data-style="text-align: center;color:rgb(255,255,255);" style="margin: 0px; padding: 0px; color: rgb(62, 62, 62); box-sizing: border-box;"><section style="margin: -30px 0px; padding: 0px; color: inherit; text-align: center; line-height: 2.1; box-sizing: border-box;"><p style="margin-top: 0px; margin-bottom: 0px; padding: 0px; clear: both;"><span class="135brush" data-brushtype="text" style="margin: 0px; padding: 0px; color: rgb(255, 255, 255); font-size: 18px;">神秘嘉宾</span></p></section><section style="margin: 2px -2px 0px 0px; padding: 0px; width: 16px; height: 50px; border-right: 1px solid rgb(164, 210, 169); display: inline-block; float: right; background-color: rgb(254, 254, 254); transform: rotate(45deg);"></section></section></section></section><section class="_135editor" data-tools="135编辑器" data-id="87671" style="margin: 0px; padding: 0px; box-sizing: border-box;"><section style="margin: 10px 0px; padding: 0px; text-align: center; box-sizing: border-box;"><section data-width="100%" style="margin: -1px 0px 0px; padding: 0px; display: inline-block; vertical-align: top; width: 516px; height: 1.2em; box-sizing: border-box;"><section style="margin: 0px; padding: 0px; float: left; box-sizing: border-box;"><section style="margin: 0px; padding: 0px; width: 1em; height: 1em; display: inline-block; border-bottom-right-radius: 100%; color: rgb(255, 255, 255); box-sizing: border-box; background-color: rgb(254, 254, 254);"></section><section style="margin: 0px; padding: 0px; display: inline-block; box-sizing: border-box;"><section style="margin: 0px 0px -0.3em -0.3em; padding: 0px; width: 7px; height: 7px; display: inline-block; border-radius: 100%; box-sizing: border-box; background-color: rgb(254, 254, 254);"></section><section style="margin: 0px 0px -0.2em; padding: 0px; width: 4px; height: 4px; display: inline-block; vertical-align: bottom; border-radius: 100%; box-sizing: border-box; background-color: rgb(254, 254, 254);"></section></section></section><section style="margin: 0px; padding: 0px; float: right; box-sizing: border-box;"><section style="margin: 0px; padding: 0px; display: inline-block; box-sizing: border-box;"><section style="margin: 0px 0px -0.2em; padding: 0px; width: 4px; height: 4px; display: inline-block; vertical-align: bottom; border-radius: 100%; box-sizing: border-box; background-color: rgb(254, 254, 254);"></section><section style="margin: 0px -0.3em -0.3em 0px; padding: 0px; width: 7px; height: 7px; display: inline-block; border-radius: 100%; box-sizing: border-box; background-color: rgb(254, 254, 254);"></section></section><section style="margin: -1px 0px 0px; padding: 0px; width: 1em; height: 1em; display: inline-block; border-bottom-left-radius: 100%; box-sizing: border-box; background-color: rgb(254, 254, 254);"></section></section><section style="margin: 0px; padding: 0px; clear: both; box-sizing: border-box;"></section></section><section data-width="100%" style="margin: -1.42em 0px -1.4em; padding: 20px 30px; width: 516px; color: rgb(172, 133, 2); box-sizing: border-box; background-color: rgb(254, 236, 175);"><section style="margin: 0px; padding: 0px; text-align: justify; box-sizing: border-box;"><section class="135brush" style="margin: 0px; padding: 0px; box-sizing: border-box;"><p style="margin-top: 0px; margin-bottom: 0px; padding: 0px; clear: both; text-align: center;">决赛当天，我们会邀请学校众多大佬，辅导员，社团代表来参加决赛评选，更是有神秘嘉宾送出自己的作品作为奖品的</p></section></section></section><section data-width="100%" style="margin: 0px; padding: 0px; display: inline-block; vertical-align: bottom; width: 516px; height: 1em; box-sizing: border-box;"><section style="margin: 0px; padding: 0px; float: left; box-sizing: border-box;"><section style="margin: 0px; padding: 0px; width: 1em; height: 1em; display: inline-block; border-top-right-radius: 100%; color: rgb(255, 255, 255); box-sizing: border-box; background-color: rgb(254, 254, 254);"></section><section style="margin: 0px; padding: 0px; display: inline-block; box-sizing: border-box;"><section style="margin: 0px 0px -0.2em -0.2em; padding: 0px; width: 7px; height: 7px; display: inline-block; vertical-align: top; border-radius: 100%; box-sizing: border-box; background-color: rgb(254, 254, 254);"></section><section style="margin: -0.3em 0px 0px; padding: 0px; width: 4px; height: 4px; display: inline-block; vertical-align: top; border-radius: 100%; box-sizing: border-box; background-color: rgb(254, 254, 254);"></section></section></section><section style="margin: 0px; padding: 0px; float: right; box-sizing: border-box;"><section style="margin: 0px; padding: 0px; display: inline-block; box-sizing: border-box;"><section style="margin: -0.3em 0px 0px; padding: 0px; width: 4px; height: 4px; display: inline-block; vertical-align: top; border-radius: 100%; box-sizing: border-box; background-color: rgb(254, 254, 254);"></section><section style="margin: 0px -0.2em -0.2em 0px; padding: 0px; width: 7px; height: 7px; display: inline-block; vertical-align: top; border-radius: 100%; box-sizing: border-box; background-color: rgb(254, 254, 254);"></section></section><section style="margin: 0px; padding: 0px; width: 1em; height: 1em; display: inline-block; border-top-left-radius: 100%; box-sizing: border-box; background-color: rgb(254, 254, 254);"></section></section></section></section></section><section class="_135editor" data-tools="135编辑器" data-id="16401" style="margin: 0px; padding: 0px; box-sizing: border-box;"><p style="margin-top: 0px; margin-bottom: 0px; padding: 0px; clear: both; text-align: center;"></p><p style="margin-top: 0px; margin-bottom: 0px; padding: 0px; clear: both; text-align: center;"><br style="margin: 0px; padding: 0px;"/></p></section><section class="_135editor" data-tools="135编辑器" data-id="86486" style="margin: 0px; padding: 0px; box-sizing: border-box;"><section style="margin: 30px; padding: 0px; color: rgb(39, 80, 44); box-sizing: border-box; background-color: rgb(164, 210, 169);"><section style="margin: -20px 0px 0px -4px; padding: 0px; width: 16px; height: 50px; border-left: 1px solid rgb(164, 210, 169); border-top-color: rgb(164, 210, 169); border-right-color: rgb(164, 210, 169); border-bottom-color: rgb(164, 210, 169); display: inline-block; background-color: rgb(254, 254, 254); transform: rotate(45deg);"></section><section data-style="text-align: center;color:rgb(255,255,255);" style="margin: 0px; padding: 0px; color: rgb(62, 62, 62); box-sizing: border-box;"><section style="margin: -30px 0px; padding: 0px; color: inherit; text-align: center; line-height: 2.1; box-sizing: border-box;"><p style="margin-top: 0px; margin-bottom: 0px; padding: 0px; clear: both;"><span class="135brush" data-brushtype="text" style="margin: 0px; padding: 0px; color: rgb(255, 255, 255); font-size: 18px;">参赛全部社团</span></p></section><section style="margin: 2px -2px 0px 0px; padding: 0px; width: 16px; height: 50px; border-right: 1px solid rgb(164, 210, 169); display: inline-block; float: right; background-color: rgb(254, 254, 254); transform: rotate(45deg);"></section></section></section></section><section class="_135editor" data-tools="135编辑器" data-id="87671" style="margin: 0px; padding: 0px; box-sizing: border-box;"><section style="margin: 10px 0px; padding: 0px; box-sizing: border-box;"><section data-width="100%" style="margin: -1px 0px 0px; padding: 0px; display: inline-block; vertical-align: top; width: 516px; height: 1.2em; box-sizing: border-box;"><section style="margin: 0px; padding: 0px; float: left; box-sizing: border-box;"><section style="margin: 0px; padding: 0px; width: 1em; height: 1em; display: inline-block; border-bottom-right-radius: 100%; color: rgb(255, 255, 255); box-sizing: border-box; background-color: rgb(254, 254, 254);"></section><section style="margin: 0px; padding: 0px; display: inline-block; box-sizing: border-box;"><section style="margin: 0px 0px -0.3em -0.3em; padding: 0px; width: 7px; height: 7px; display: inline-block; border-radius: 100%; box-sizing: border-box; background-color: rgb(254, 254, 254);"></section><section style="margin: 0px 0px -0.2em; padding: 0px; width: 4px; height: 4px; display: inline-block; vertical-align: bottom; border-radius: 100%; box-sizing: border-box; background-color: rgb(254, 254, 254);"></section></section></section><section style="margin: 0px; padding: 0px; float: right; box-sizing: border-box;"><section style="margin: 0px; padding: 0px; display: inline-block; box-sizing: border-box;"><section style="margin: 0px 0px -0.2em; padding: 0px; width: 4px; height: 4px; display: inline-block; vertical-align: bottom; border-radius: 100%; box-sizing: border-box; background-color: rgb(254, 254, 254);"></section><section style="margin: 0px -0.3em -0.3em 0px; padding: 0px; width: 7px; height: 7px; display: inline-block; border-radius: 100%; box-sizing: border-box; background-color: rgb(254, 254, 254);"></section></section><section style="margin: -1px 0px 0px; padding: 0px; width: 1em; height: 1em; display: inline-block; border-bottom-left-radius: 100%; box-sizing: border-box; background-color: rgb(254, 254, 254);"></section></section><section style="margin: 0px; padding: 0px; clear: both; box-sizing: border-box;"></section></section><section data-width="100%" style="margin: -1.42em 0px -1.4em; padding: 20px 30px; width: 516px; color: rgb(172, 133, 2); box-sizing: border-box; background-color: rgb(254, 236, 175);"><section style="margin: 0px; padding: 0px; text-align: justify; box-sizing: border-box;"><section class="135brush" style="margin: 0px; padding: 0px; box-sizing: border-box;"><p style="margin-top: 0px; margin-bottom: 0px; padding: 0px; clear: both; text-align: center;">本次大赛，我们还邀请了扬州职业大学琼花文学社、扬州大学旅游烹饪（食品科学与工程）学院墨轩社、扬州大学水利与能源动力工程学院书画协会、扬州大学商学院竹林书画社与我们一起共同争夺神秘大奖，小伙伴们可要加油哦</p></section></section></section><section data-width="100%" style="margin: 0px; padding: 0px; display: inline-block; vertical-align: bottom; width: 516px; height: 1em; box-sizing: border-box;"><section style="margin: 0px; padding: 0px; float: left; box-sizing: border-box;"><section style="margin: 0px; padding: 0px; width: 1em; height: 1em; display: inline-block; border-top-right-radius: 100%; color: rgb(255, 255, 255); box-sizing: border-box; background-color: rgb(254, 254, 254);"></section><section style="margin: 0px; padding: 0px; display: inline-block; box-sizing: border-box;"><section style="margin: 0px 0px -0.2em -0.2em; padding: 0px; width: 7px; height: 7px; display: inline-block; vertical-align: top; border-radius: 100%; box-sizing: border-box; background-color: rgb(254, 254, 254);"></section><section style="margin: -0.3em 0px 0px; padding: 0px; width: 4px; height: 4px; display: inline-block; vertical-align: top; border-radius: 100%; box-sizing: border-box; background-color: rgb(254, 254, 254);"></section></section></section><section style="margin: 0px; padding: 0px; float: right; box-sizing: border-box;"><section style="margin: 0px; padding: 0px; display: inline-block; box-sizing: border-box;"><section style="margin: -0.3em 0px 0px; padding: 0px; width: 4px; height: 4px; display: inline-block; vertical-align: top; border-radius: 100%; box-sizing: border-box; background-color: rgb(254, 254, 254);"></section><section style="margin: 0px -0.2em -0.2em 0px; padding: 0px; width: 7px; height: 7px; display: inline-block; vertical-align: top; border-radius: 100%; box-sizing: border-box; background-color: rgb(254, 254, 254);"></section></section><section style="margin: 0px; padding: 0px; width: 1em; height: 1em; display: inline-block; border-top-left-radius: 100%; box-sizing: border-box; background-color: rgb(254, 254, 254);"></section></section></section></section></section><section class="_135editor" data-tools="135编辑器" data-id="86486" style="margin: 0px; padding: 0px; box-sizing: border-box;"><section style="margin: 30px; padding: 0px; color: rgb(39, 80, 44); box-sizing: border-box; background-color: rgb(164, 210, 169);"><section style="margin: -20px 0px 0px -4px; padding: 0px; width: 16px; height: 50px; border-left: 1px solid rgb(164, 210, 169); border-top-color: rgb(164, 210, 169); border-right-color: rgb(164, 210, 169); border-bottom-color: rgb(164, 210, 169); display: inline-block; background-color: rgb(254, 254, 254); transform: rotate(45deg);"></section><section data-style="text-align: center;color:rgb(255,255,255);" style="margin: 0px; padding: 0px; color: rgb(62, 62, 62); box-sizing: border-box;"><section style="margin: -30px 0px; padding: 0px; color: inherit; text-align: center; line-height: 2.1; box-sizing: border-box;"><p style="margin-top: 0px; margin-bottom: 0px; padding: 0px; clear: both;"><span class="135brush" data-brushtype="text" style="margin: 0px; padding: 0px; color: rgb(255, 255, 255); font-size: 18px;">比赛奖品</span></p></section><section style="margin: 2px -2px 0px 0px; padding: 0px; width: 16px; height: 50px; border-right: 1px solid rgb(164, 210, 169); display: inline-block; float: right; background-color: rgb(254, 254, 254); transform: rotate(45deg);"></section></section></section></section><section class="_135editor" data-tools="135编辑器" data-id="87671" style="margin: 0px; padding: 0px; box-sizing: border-box;"><section style="margin: 10px 0px; padding: 0px; box-sizing: border-box;"><section data-width="100%" style="margin: -1px 0px 0px; padding: 0px; display: inline-block; vertical-align: top; width: 516px; height: 1.2em; box-sizing: border-box;"><section style="margin: 0px; padding: 0px; float: left; box-sizing: border-box;"><section style="margin: 0px; padding: 0px; width: 1em; height: 1em; display: inline-block; border-bottom-right-radius: 100%; color: rgb(255, 255, 255); box-sizing: border-box; background-color: rgb(254, 254, 254);"></section><section style="margin: 0px; padding: 0px; display: inline-block; box-sizing: border-box;"><section style="margin: 0px 0px -0.3em -0.3em; padding: 0px; width: 7px; height: 7px; display: inline-block; border-radius: 100%; box-sizing: border-box; background-color: rgb(254, 254, 254);"></section><section style="margin: 0px 0px -0.2em; padding: 0px; width: 4px; height: 4px; display: inline-block; vertical-align: bottom; border-radius: 100%; box-sizing: border-box; background-color: rgb(254, 254, 254);"></section></section></section><section style="margin: 0px; padding: 0px; float: right; box-sizing: border-box;"><section style="margin: 0px; padding: 0px; display: inline-block; box-sizing: border-box;"><section style="margin: 0px 0px -0.2em; padding: 0px; width: 4px; height: 4px; display: inline-block; vertical-align: bottom; border-radius: 100%; box-sizing: border-box; background-color: rgb(254, 254, 254);"></section><section style="margin: 0px -0.3em -0.3em 0px; padding: 0px; width: 7px; height: 7px; display: inline-block; border-radius: 100%; box-sizing: border-box; background-color: rgb(254, 254, 254);"></section></section><section style="margin: -1px 0px 0px; padding: 0px; width: 1em; height: 1em; display: inline-block; border-bottom-left-radius: 100%; box-sizing: border-box; background-color: rgb(254, 254, 254);"></section></section><section style="margin: 0px; padding: 0px; clear: both; box-sizing: border-box;"></section></section><section data-width="100%" style="margin: -1.42em 0px -1.4em; padding: 20px 30px; width: 516px; color: rgb(172, 133, 2); box-sizing: border-box; background-color: rgb(254, 236, 175);"><section style="margin: 0px; padding: 0px; text-align: justify; box-sizing: border-box;"><section class="135brush" style="margin: 0px; padding: 0px; box-sizing: border-box;"><p style="margin-top: 0px; margin-bottom: 0px; padding: 0px; clear: both; text-align: center;">如果上面的你都不感兴趣，那么小联只好放大招了，这次咱外联部大大们可是使足了劲拉的赞助，奖品绝对让大家满意。想想大赛标题，奖品会是什么呢？</p></section></section></section><section data-width="100%" style="margin: 0px; padding: 0px; display: inline-block; vertical-align: bottom; width: 516px; height: 1em; box-sizing: border-box;"><section style="margin: 0px; padding: 0px; float: left; box-sizing: border-box;"><section style="margin: 0px; padding: 0px; width: 1em; height: 1em; display: inline-block; border-top-right-radius: 100%; color: rgb(255, 255, 255); box-sizing: border-box; background-color: rgb(254, 254, 254);"></section><section style="margin: 0px; padding: 0px; display: inline-block; box-sizing: border-box;"><section style="margin: 0px 0px -0.2em -0.2em; padding: 0px; width: 7px; height: 7px; display: inline-block; vertical-align: top; border-radius: 100%; box-sizing: border-box; background-color: rgb(254, 254, 254);"></section><section style="margin: -0.3em 0px 0px; padding: 0px; width: 4px; height: 4px; display: inline-block; vertical-align: top; border-radius: 100%; box-sizing: border-box; background-color: rgb(254, 254, 254);"></section></section></section><section style="margin: 0px; padding: 0px; float: right; box-sizing: border-box;"><section style="margin: 0px; padding: 0px; display: inline-block; box-sizing: border-box;"><section style="margin: -0.3em 0px 0px; padding: 0px; width: 4px; height: 4px; display: inline-block; vertical-align: top; border-radius: 100%; box-sizing: border-box; background-color: rgb(254, 254, 254);"></section><section style="margin: 0px -0.2em -0.2em 0px; padding: 0px; width: 7px; height: 7px; display: inline-block; vertical-align: top; border-radius: 100%; box-sizing: border-box; background-color: rgb(254, 254, 254);"></section></section><section style="margin: 0px; padding: 0px; width: 1em; height: 1em; display: inline-block; border-top-left-radius: 100%; box-sizing: border-box; background-color: rgb(254, 254, 254);"></section></section></section></section></section><section class="_135editor" data-tools="135编辑器" data-id="16401" style="margin: 0px; padding: 0px; box-sizing: border-box;"><p style="margin-top: 0px; margin-bottom: 0px; padding: 0px; clear: both; text-align: center;"></p></section><p style="margin-top: 0px; margin-bottom: 0px; padding: 0px; clear: both; text-align: center;"><br/></p><section class="_135editor" data-tools="135编辑器" data-id="16401" style="margin: 0px; padding: 0px; box-sizing: border-box;"><p style="margin-top: 0px; margin-bottom: 0px; padding: 0px; clear: both;"><br style="margin: 0px; padding: 0px;"/></p><section class="_135editor" data-tools="135编辑器" data-id="87671" style="margin: 0px; padding: 0px; box-sizing: border-box;"><section style="margin: 10px 0px; padding: 0px; box-sizing: border-box;"><section data-width="100%" style="margin: -1px 0px 0px; padding: 0px; display: inline-block; vertical-align: top; width: 516px; height: 1.2em; box-sizing: border-box;"><section style="margin: 0px; padding: 0px; float: left; box-sizing: border-box;"><section style="margin: 0px; padding: 0px; width: 1em; height: 1em; display: inline-block; border-bottom-right-radius: 100%; color: rgb(255, 255, 255); box-sizing: border-box; background-color: rgb(254, 254, 254);"></section><section style="margin: 0px; padding: 0px; display: inline-block; box-sizing: border-box;"><section style="margin: 0px 0px -0.3em -0.3em; padding: 0px; width: 7px; height: 7px; display: inline-block; border-radius: 100%; box-sizing: border-box; background-color: rgb(254, 254, 254);"></section><section style="margin: 0px 0px -0.2em; padding: 0px; width: 4px; height: 4px; display: inline-block; vertical-align: bottom; border-radius: 100%; box-sizing: border-box; background-color: rgb(254, 254, 254);"></section></section></section><section style="margin: 0px; padding: 0px; float: right; box-sizing: border-box;"><section style="margin: 0px; padding: 0px; display: inline-block; box-sizing: border-box;"><section style="margin: 0px 0px -0.2em; padding: 0px; width: 4px; height: 4px; display: inline-block; vertical-align: bottom; border-radius: 100%; box-sizing: border-box; background-color: rgb(254, 254, 254);"></section><section style="margin: 0px -0.3em -0.3em 0px; padding: 0px; width: 7px; height: 7px; display: inline-block; border-radius: 100%; box-sizing: border-box; background-color: rgb(254, 254, 254);"></section></section><section style="margin: -1px 0px 0px; padding: 0px; width: 1em; height: 1em; display: inline-block; border-bottom-left-radius: 100%; box-sizing: border-box; background-color: rgb(254, 254, 254);"></section></section><section style="margin: 0px; padding: 0px; clear: both; box-sizing: border-box;"></section></section><section data-width="100%" style="margin: -1.42em 0px -1.4em; padding: 20px 30px; width: 516px; color: rgb(172, 133, 2); box-sizing: border-box; background-color: rgb(254, 236, 175);"><section style="margin: 0px; padding: 0px; text-align: justify; box-sizing: border-box;"><section class="135brush" style="margin: 0px; padding: 0px; box-sizing: border-box;"><p style="margin-top: 0px; margin-bottom: 0px; padding: 0px; clear: both; text-align: center;">为学校争光，为自己加证书的时候到了，小伙伴们可要积极参加啊，咱大通达的才子们千万不要藏着掖着有所保留啦。</p></section></section></section><section data-width="100%" style="margin: 0px; padding: 0px; display: inline-block; vertical-align: bottom; width: 516px; height: 1em; box-sizing: border-box;"><section style="margin: 0px; padding: 0px; float: left; box-sizing: border-box;"><section style="margin: 0px; padding: 0px; width: 1em; height: 1em; display: inline-block; border-top-right-radius: 100%; color: rgb(255, 255, 255); box-sizing: border-box; background-color: rgb(254, 254, 254);"></section><section style="margin: 0px; padding: 0px; display: inline-block; box-sizing: border-box;"><section style="margin: 0px 0px -0.2em -0.2em; padding: 0px; width: 7px; height: 7px; display: inline-block; vertical-align: top; border-radius: 100%; box-sizing: border-box; background-color: rgb(254, 254, 254);"></section><section style="margin: -0.3em 0px 0px; padding: 0px; width: 4px; height: 4px; display: inline-block; vertical-align: top; border-radius: 100%; box-sizing: border-box; background-color: rgb(254, 254, 254);"></section></section></section><section style="margin: 0px; padding: 0px; float: right; box-sizing: border-box;"><section style="margin: 0px; padding: 0px; display: inline-block; box-sizing: border-box;"><section style="margin: -0.3em 0px 0px; padding: 0px; width: 4px; height: 4px; display: inline-block; vertical-align: top; border-radius: 100%; box-sizing: border-box; background-color: rgb(254, 254, 254);"></section><section style="margin: 0px -0.2em -0.2em 0px; padding: 0px; width: 7px; height: 7px; display: inline-block; vertical-align: top; border-radius: 100%; box-sizing: border-box; background-color: rgb(254, 254, 254);"></section></section><section style="margin: 0px; padding: 0px; width: 1em; height: 1em; display: inline-block; border-top-left-radius: 100%; box-sizing: border-box; background-color: rgb(254, 254, 254);"></section></section></section></section></section><section class="_135editor" data-tools="135编辑器" data-id="1" style="margin: 0px; padding: 0px; box-sizing: border-box;"><section class="135brush" style="margin: 10px 0px; padding: 5px 10px; border-left: 5px solid rgb(102, 103, 101); font-weight: bold; line-height: 32px; color: rgb(102, 102, 102); box-sizing: border-box;"><p style="margin-top: 0px; margin-bottom: 0px; padding: 0px; clear: both;">如果今天没来得及报名的小伙伴也不用担心，这周星期五（11.11）小联还会在食堂门口发放报名表，或者你也可以采取线上报名的方式，特别要注意的是参赛的小伙伴一定要加比赛群哦</p></section></section><p style="margin-top: 0px; margin-bottom: 0px; padding: 0px; clear: both; text-align: center;"></p><section class="_135editor" data-tools="135编辑器" data-id="16401" style="margin: 0px; padding: 0px; box-sizing: border-box;"><p style="margin-top: 0px; margin-bottom: 0px; padding: 0px; clear: both; text-align: center;"></p></section><p style="margin-top: 0px; margin-bottom: 0px; padding: 0px; clear: both;"><br style="margin: 0px; padding: 0px;"/></p><section class="_135editor" data-tools="135编辑器" data-id="9" style="margin: 0px; padding: 0px; box-sizing: border-box;"><section class="135brush" data-brushtype="text" placeholder="请输入标题" style="margin: 10px 0px; padding: 10px 15px; max-width: 100%; line-height: 24px; font-weight: bold; color: rgb(110, 156, 40); border-radius: 45%; text-align: center; box-sizing: border-box; background-color: rgb(229, 243, 208);">下面是线上报名的二维码</section></section><section class="_135editor" data-tools="135编辑器" data-id="16401" style="margin: 0px; padding: 0px; box-sizing: border-box;"><p style="margin-top: 0px; margin-bottom: 0px; padding: 0px; clear: both; text-align: center;"></p></section><p style="margin-top: 0px; margin-bottom: 0px; padding: 0px; clear: both;"><br style="margin: 0px; padding: 0px;"/></p><p style="margin-top: 0px; margin-bottom: 0px; padding: 0px; clear: both;"></p><section class="_135editor" data-tools="135编辑器" data-id="87523" style="margin: 0px; padding: 0px; box-sizing: border-box;"><section class="135brush" style="margin: 10px 0px 0px; padding: 15px; color: rgb(123, 123, 111); text-align: justify; box-sizing: border-box; background-color: rgb(245, 245, 244);"><p style="margin-top: 0px; margin-bottom: 0px; padding: 0px; clear: both;">书法绘画作品：11月15日前与报名表一同交至社联办公室</p><p style="margin-top: 0px; margin-bottom: 0px; padding: 0px; clear: both;">摄影作品：11月15日前将作品交至社团联合会宣传部邮箱921424024@qq.com</p></section></section><p style="margin-top: 0px; margin-bottom: 0px; padding: 0px; clear: both;"><br style="margin: 0px; padding: 0px;"/></p></section><section class="_135editor" data-tools="135编辑器" data-id="87671" style="margin: 0px; padding: 0px; box-sizing: border-box;"><section style="margin: 10px 0px; padding: 0px; box-sizing: border-box;"><br style="margin: 0px; padding: 0px;"/></section></section></section></section></section><p style="margin-top: 0px; margin-bottom: 0px; padding: 0px; clear: both; font-family: 微软雅黑; white-space: normal;"><br style="margin: 0px; padding: 0px;"/></p><p><br/></p><section data-role="paragraph" class="_135editor" style="margin: 0px; padding: 0px; font-family: 微软雅黑; white-space: normal; box-sizing: border-box;"><p style="margin-top: 0px; margin-bottom: 0px; padding: 0px; clear: both; max-width: 100%; min-height: 1em; color: rgb(62, 62, 62); line-height: 25.6px; text-align: center; background-color: rgb(255, 255, 255); box-sizing: border-box !important; word-wrap: break-word !important;"><strong style="margin: 0px; padding: 0px; max-width: 100%; line-height: 25.6px; box-sizing: border-box !important; word-wrap: break-word !important;">本期编辑：简俊杰</strong></p><section data-role="paragraph" class="" style="margin: 0px; padding: 0px; max-width: 100%; box-sizing: border-box; color: rgb(62, 62, 62); line-height: 25.6px; background-color: rgb(255, 255, 255); word-wrap: break-word !important;"><section class="" data-tools="135编辑器" data-id="86093" style="margin: 0px; padding: 0px; max-width: 100%; box-sizing: border-box; line-height: 25.6px; word-wrap: break-word !important;"><section class="" data-tools="135编辑器" data-id="16401" style="margin: 0px; padding: 0px; max-width: 100%; box-sizing: border-box; word-wrap: break-word !important;"><p style="margin-top: 0px; margin-bottom: 0px; padding: 0px; clear: both; max-width: 100%; min-height: 1em; line-height: 25.6px; text-align: center; box-sizing: border-box !important; word-wrap: break-word !important;"><strong style="margin: 0px; padding: 0px; max-width: 100%; box-sizing: border-box !important; word-wrap: break-word !important;">&nbsp;照片来源：新闻信息部</strong></p><p style="margin-top: 0px; margin-bottom: 0px; padding: 0px; clear: both; max-width: 100%; min-height: 1em; line-height: 25.6px; text-align: center; box-sizing: border-box !important; word-wrap: break-word !important;"><strong style="margin: 0px; padding: 0px; max-width: 100%; box-sizing: border-box !important; word-wrap: break-word !important;">本期审核：新闻信息部</strong></p></section></section></section></section>', '刘显枫', '社团联合会 读书协会', 1493705494, '/news\\20170502\\b42e545e1bde1106baab15b8b2c461a6.jpg', ''),
(9, 1, 0, '读书月活动', '为了让我院大学生更好的阅读和学习，畅想阅读、学习的乐趣，分享心得体会，图书馆、学生工作处与超星公司合作特举办“读书月”系列活动之“全民阅读 诵读青春”和“学习通”阅读、笔记大赛两项活动。', '读书', 1, '社团联合会', '<section class="_135editor" data-tools="135编辑器" data-id="89074" style="margin: 0px; padding: 0px; font-family: 微软雅黑; white-space: normal; border-width: 0px; border-style: none; border-color: initial; box-sizing: border-box;"><section style="margin: 0px; padding: 0px; border-style: solid; -webkit-border-image: url(&quot;https://mmbiz.qlogo.cn/mmbiz_png/ianq03UUWGmJWdVPftyFu3ocZn7c67V0DNCTYmib35nCTHr16EM5iaPnia896icRUwcKW1icuz4KUNBa9GGTmibnz6Tmw/0?wx_fmt=png&quot;) 94 170 140 fill; border-width: 20px 32px 40px 24px; font-size: 14px; line-height: 30px; box-sizing: border-box;"><section class="135brush" style="margin: 0px 0px 0px 16px; padding: 0px;"><p style="margin-top: 0px; margin-bottom: 0px; padding: 0px; clear: both;"><span style="margin: 0px; padding: 0px; color: rgb(63, 63, 63);"><strong style="margin: 0px; padding: 0px;"><span style="margin: 0px; padding: 0px; font-size: 15px;">想在安静的图书馆偶遇专属于你的学霸吗？想在扬大看男友力max的他保护你吗？想在瘦西湖邂逅会玩魔方的小哥哥吗？别急，接下来听小</span></strong></span></p><p style="margin-top: 0px; margin-bottom: 0px; padding: 0px; clear: both;"><span style="margin: 0px; padding: 0px; color: rgb(63, 63, 63);"><strong style="margin: 0px; padding: 0px;"><span style="margin: 0px; padding: 0px; font-size: 15px;">联给你娓娓道来。</span></strong></span></p></section></section></section><section class="_135editor" data-tools="135编辑器" data-id="89044" style="margin: 0px; padding: 0px; font-family: 微软雅黑; white-space: normal; border-width: 0px; border-style: none; border-color: initial; box-sizing: border-box;"><section style="margin: 10px 0px; padding: 0px;"><section style="margin: -10px 0px 0px; padding: 0px; background-image: url(&quot;https://mmbiz.qlogo.cn/mmbiz_jpg/yqVAqoZvDibEYxl9knuOXFXwiadNvHqtEpwRMU2iaU4iaxFEuz4YuTzoKXRhOibpw4ibzZtpicIoBMTBZKRSmaLq9leog/0?wx_fmt=jpeg&quot;); background-size: 100%; background-position: 100% 100%; background-repeat: repeat;"><section class="135brush" style="margin: 0px; padding: 10px 30px; transform: rotate(0deg);"><section class="_135editor" data-tools="135编辑器" data-id="89029" style="margin: 0px; padding: 0px; border-width: 0px; border-style: none; border-color: initial; box-sizing: border-box;"><section class="layout" style="margin: 10px auto; padding: 0px; box-sizing: border-box;"><section class="135brush" data-brushtype="text" style="margin: -4px 0px 0px; padding: 0px; box-sizing: border-box;"><section style="margin: 0px; padding: 0px; text-align: center; box-sizing: border-box;"><section class="_135editor" data-tools="135编辑器" data-id="89029" style="color: rgb(62, 62, 63); font-family: 微软雅黑; text-align: center; white-space: normal; font-size: 14px; margin: 0px; padding: 0px; border-width: 0px; border-style: none; border-color: initial; box-sizing: border-box;"><section class="layout" style="margin: 10px auto; padding: 0px; box-sizing: border-box;"><section class="135brush" data-brushtype="text" style="margin: -4px 0px 0px; padding: 0px; box-sizing: border-box;"><section style="margin: 0px; padding: 0px; font-size: 20px; box-sizing: border-box;"><p style="margin-top: 0px; margin-bottom: 0px; padding: 0px; clear: both; box-sizing: border-box;"><br/></p></section></section></section></section></section></section></section></section></section></section></section></section><p><br/></p>', '张铭晏', '社团联合会', 1493706257, '/news\\20170502\\b713ded9e52178a151061e0cc4802e0c.jpg', ''),
(10, 1, 8, '234', '微软微软为', '23423', 1, '来自互联网', '<p>123124124</p>', '来自互联网', '魏汝稳', 1493875372, '/news\\20170504\\168e142e96418e4b547e372ab6ddd89e.jpg', '');

-- --------------------------------------------------------

--
-- 表的结构 `faith_registeredinfo`
--

CREATE TABLE `faith_registeredinfo` (
  `registered_id` int(11) UNSIGNED NOT NULL,
  `registered_name` varchar(20) NOT NULL DEFAULT '',
  `registered_password` varchar(40) NOT NULL DEFAULT '',
  `registered_email` varchar(20) NOT NULL DEFAULT '',
  `registered_code` int(4) UNSIGNED NOT NULL DEFAULT '5103',
  `registered_status` tinyint(1) NOT NULL DEFAULT '0',
  `create_time` int(11) UNSIGNED DEFAULT NULL
) ENGINE=InnoDB DEFAULT CHARSET=utf8;

--
-- 转存表中的数据 `faith_registeredinfo`
--

INSERT INTO `faith_registeredinfo` (`registered_id`, `registered_name`, `registered_password`, `registered_email`, `registered_code`, `registered_status`, `create_time`) VALUES
(14210315, '简俊杰', 'b5b4fd3002810db1103a8f4118442263', '228606182@qq.com', 5997, 1, 1492772671),
(14210316, '将帅', '44a0e66616589ddd22efd3fee1925768', '997467191@qq.com', 2671, 1, 1493866005),
(14210324, '沈承亮', '45257ececcfba2143e8bcbd1015649a2', '934547890@qq.com', 4678, 1, 1492771412),
(14210327, '陶灿', '3166aa86208dc6227c71c35ea3e388b6', '810886020@qq.com', 9051, 1, 1492933352),
(14220222, '时雪晨', 'b479876def458c11719603361ed61a75', '244007105@qq.com', 2448, 1, 1493209637),
(15410206, '王文亮', 'a340916fcaf95e364009e611864bd6d3', '1329371081@qq.com', 277, 1, 1492772498),
(16110216, '杨鹏', '378a41b7cd26512ec4f435e7134ddfbe', '1012617866@qq.com', 9755, 1, 1492773139),
(16240102, '刘海潮', 'b5fba928de6c5614e69f9907dfa9271b', '614070551@qq.com', 8847, 1, 1492771570),
(16240135, '张文达', 'b2fc078b717a08fedb164694eee6030b', '1046933865@qq.com', 9694, 1, 1492771647),
(16250201, '蔡明皓', 'c68bea230a6d06e63b07660b21981a41', '1115739484@qq.com', 5996, 1, 1492772427),
(16270113, '臧昕宇', '4211a6651e39c2aa867d915a4782c6a4', '1436469270@qq.com', 6104, 1, 1492772096),
(16270115, '朱悦', 'a8d4ba036c301f3a0c2bd2855006a13c', '1427301129@qq.com', 5782, 1, 1492773009),
(16270116, '陈轩', '6469c05893775cdb774eca98437751c5', '1156053014@qq.com', 5522, 1, 1492773187),
(16270120, '姜海波', '68e7582867111ae26cc5f74b1c2693cc', '1425897279@qq.com', 6835, 1, 1492771913),
(16270232, '张正霖', 'be8587a96b941962289621ae66d6db51', '1073768840@qq.com', 4161, 1, 1492772332),
(16310206, '王海荣', '62686b7a7cda301135ef09471f9a1cd7', '2584051283@qq.com', 6357, 1, 1492771137),
(16520112, '戴可忻', '1f6aa3055f30ec82b8552ca43531ea3c', '835316837@qq.com', 6128, 1, 1492773241),
(16520114, '王进', '50955581f1c9a9b46c0a8b0f9d520a92', '1090073109@qq.com', 9000, 1, 1492771987),
(16520303, '王睿', '541ecb9f86be7e51ec9af9374a2c63b8', '1424974039@qq.com', 6262, 1, 1492773077),
(16520323, '张倩莹', '4f4adb93c4e402dded93b0770729388b', '1045760521@qq.com', 5422, 1, 1492772599),
(16520324, '石云', '174cf35c11a74ad6d083eb8216da663c', '1020415294@qq.com', 5393, 1, 1492773324),
(16530115, '严敏', '4f238738b2c5830ed0c9261e40ae3af4', '1427768549@qq.com', 7109, 1, 1492772756),
(16530218, '徐万成', '08684852b5574462e50350067e9e3c08', '1074193346@qq.com', 6581, 1, 1492773387),
(16530219, '黄泽庚', 'd70b2376d8f3aeb699fafa17c45dfed2', '1647701222@qq.com', 5300, 1, 1492771762),
(16530221, '陈帅', '58a8bb880754c6e81c16d68190527b01', '1511471413@qq.com', 7900, 1, 1492771325),
(16540118, '陈静怡', '5042fa6861d72996912496c663bc3e4a', '1461740289@qq.com', 6981, 1, 1492772244),
(16540315, '沈城宇', '5b9b6b36b444bd15574b6d23ddcb10a1', '2682472669@qq.com', 2554, 1, 1492772933),
(16540322, '李姣姣', '740c53f1775bdcbce47b995b1a079112', '1983058327@qq.com', 4707, 1, 1492772864);

-- --------------------------------------------------------

--
-- 表的结构 `faith_root`
--

CREATE TABLE `faith_root` (
  `root_id` int(11) UNSIGNED NOT NULL,
  `root_name` varchar(20) NOT NULL DEFAULT ''
) ENGINE=InnoDB DEFAULT CHARSET=utf8;

--
-- 转存表中的数据 `faith_root`
--

INSERT INTO `faith_root` (`root_id`, `root_name`) VALUES
(1, '社团成员'),
(2, '社长'),
(3, '社联管理员'),
(4, '系统管理员');

--
-- Indexes for dumped tables
--

--
-- Indexes for table `faith_activity`
--
ALTER TABLE `faith_activity`
  ADD PRIMARY KEY (`activity_id`),
  ADD KEY `community_id` (`community_id`);

--
-- Indexes for table `faith_community`
--
ALTER TABLE `faith_community`
  ADD PRIMARY KEY (`community_id`),
  ADD UNIQUE KEY `community_name` (`community_name`),
  ADD KEY `registered_id` (`registered_id`),
  ADD KEY `registered_id_2` (`registered_id`);

--
-- Indexes for table `faith_communityimg`
--
ALTER TABLE `faith_communityimg`
  ADD PRIMARY KEY (`img_id`);

--
-- Indexes for table `faith_communityinfo`
--
ALTER TABLE `faith_communityinfo`
  ADD PRIMARY KEY (`community_id`) USING BTREE,
  ADD KEY `community_deputyid` (`community_deputyid`);

--
-- Indexes for table `faith_join`
--
ALTER TABLE `faith_join`
  ADD PRIMARY KEY (`join_id`),
  ADD KEY `community_id` (`community_id`),
  ADD KEY `registered_id` (`registered_id`);

--
-- Indexes for table `faith_joinactivity`
--
ALTER TABLE `faith_joinactivity`
  ADD PRIMARY KEY (`joinactivity_id`),
  ADD KEY `activity_id` (`activity_id`),
  ADD KEY `registered_id` (`registered_id`);

--
-- Indexes for table `faith_member`
--
ALTER TABLE `faith_member`
  ADD PRIMARY KEY (`registered_id`),
  ADD KEY `community_id` (`community_id`),
  ADD KEY `root_id` (`root_id`);

--
-- Indexes for table `faith_msg`
--
ALTER TABLE `faith_msg`
  ADD PRIMARY KEY (`msg_id`),
  ADD KEY `uid` (`uid`);

--
-- Indexes for table `faith_news`
--
ALTER TABLE `faith_news`
  ADD PRIMARY KEY (`news_id`),
  ADD KEY `faith_news_ibfk_1` (`community_id`);

--
-- Indexes for table `faith_registeredinfo`
--
ALTER TABLE `faith_registeredinfo`
  ADD PRIMARY KEY (`registered_id`),
  ADD UNIQUE KEY `registered_name` (`registered_name`),
  ADD UNIQUE KEY `registered_email` (`registered_email`);

--
-- Indexes for table `faith_root`
--
ALTER TABLE `faith_root`
  ADD PRIMARY KEY (`root_id`);

--
-- 在导出的表使用AUTO_INCREMENT
--

--
-- 使用表AUTO_INCREMENT `faith_activity`
--
ALTER TABLE `faith_activity`
  MODIFY `activity_id` int(11) UNSIGNED NOT NULL AUTO_INCREMENT, AUTO_INCREMENT=8;
--
-- 使用表AUTO_INCREMENT `faith_community`
--
ALTER TABLE `faith_community`
  MODIFY `community_id` int(11) UNSIGNED NOT NULL AUTO_INCREMENT, AUTO_INCREMENT=14;
--
-- 使用表AUTO_INCREMENT `faith_communityimg`
--
ALTER TABLE `faith_communityimg`
  MODIFY `img_id` int(11) UNSIGNED NOT NULL AUTO_INCREMENT, AUTO_INCREMENT=41;
--
-- 使用表AUTO_INCREMENT `faith_join`
--
ALTER TABLE `faith_join`
  MODIFY `join_id` int(11) UNSIGNED NOT NULL AUTO_INCREMENT, AUTO_INCREMENT=21;
--
-- 使用表AUTO_INCREMENT `faith_joinactivity`
--
ALTER TABLE `faith_joinactivity`
  MODIFY `joinactivity_id` int(11) UNSIGNED NOT NULL AUTO_INCREMENT, AUTO_INCREMENT=26;
--
-- 使用表AUTO_INCREMENT `faith_msg`
--
ALTER TABLE `faith_msg`
  MODIFY `msg_id` int(10) UNSIGNED NOT NULL AUTO_INCREMENT COMMENT '消息ID', AUTO_INCREMENT=88;
--
-- 使用表AUTO_INCREMENT `faith_news`
--
ALTER TABLE `faith_news`
  MODIFY `news_id` int(11) UNSIGNED NOT NULL AUTO_INCREMENT, AUTO_INCREMENT=11;
--
-- 使用表AUTO_INCREMENT `faith_registeredinfo`
--
ALTER TABLE `faith_registeredinfo`
  MODIFY `registered_id` int(11) UNSIGNED NOT NULL AUTO_INCREMENT, AUTO_INCREMENT=16540323;
--
-- 使用表AUTO_INCREMENT `faith_root`
--
ALTER TABLE `faith_root`
  MODIFY `root_id` int(11) UNSIGNED NOT NULL AUTO_INCREMENT, AUTO_INCREMENT=5;
--
-- 限制导出的表
--

--
-- 限制表 `faith_activity`
--
ALTER TABLE `faith_activity`
  ADD CONSTRAINT `faith_activity_ibfk_1` FOREIGN KEY (`community_id`) REFERENCES `faith_community` (`community_id`);

--
-- 限制表 `faith_community`
--
ALTER TABLE `faith_community`
  ADD CONSTRAINT `community_registered_name` FOREIGN KEY (`registered_id`) REFERENCES `faith_registeredinfo` (`registered_id`) ON DELETE CASCADE;

--
-- 限制表 `faith_communityinfo`
--
ALTER TABLE `faith_communityinfo`
  ADD CONSTRAINT `faith_communityinfo_ibfk_1` FOREIGN KEY (`community_id`) REFERENCES `faith_community` (`community_id`) ON DELETE CASCADE,
  ADD CONSTRAINT `faith_communityinfo_ibfk_2` FOREIGN KEY (`community_deputyid`) REFERENCES `faith_registeredinfo` (`registered_id`) ON UPDATE CASCADE;

--
-- 限制表 `faith_join`
--
ALTER TABLE `faith_join`
  ADD CONSTRAINT `faith_join_ibfk_1` FOREIGN KEY (`community_id`) REFERENCES `faith_community` (`community_id`),
  ADD CONSTRAINT `faith_join_ibfk_2` FOREIGN KEY (`registered_id`) REFERENCES `faith_registeredinfo` (`registered_id`),
  ADD CONSTRAINT `faith_join_ibfk_3` FOREIGN KEY (`registered_id`) REFERENCES `faith_member` (`registered_id`);

--
-- 限制表 `faith_joinactivity`
--
ALTER TABLE `faith_joinactivity`
  ADD CONSTRAINT `faith_joinactivity_ibfk_1` FOREIGN KEY (`activity_id`) REFERENCES `faith_activity` (`activity_id`),
  ADD CONSTRAINT `faith_joinactivity_ibfk_2` FOREIGN KEY (`registered_id`) REFERENCES `faith_registeredinfo` (`registered_id`);

--
-- 限制表 `faith_member`
--
ALTER TABLE `faith_member`
  ADD CONSTRAINT `community_id` FOREIGN KEY (`community_id`) REFERENCES `faith_community` (`community_id`) ON DELETE SET NULL,
  ADD CONSTRAINT `registered_id` FOREIGN KEY (`registered_id`) REFERENCES `faith_registeredinfo` (`registered_id`) ON DELETE CASCADE,
  ADD CONSTRAINT `root_id` FOREIGN KEY (`root_id`) REFERENCES `faith_root` (`root_id`);

--
-- 限制表 `faith_msg`
--
ALTER TABLE `faith_msg`
  ADD CONSTRAINT `faith_msg_ibfk_1` FOREIGN KEY (`uid`) REFERENCES `faith_root` (`root_id`);

--
-- 限制表 `faith_news`
--
ALTER TABLE `faith_news`
  ADD CONSTRAINT `faith_news_ibfk_1` FOREIGN KEY (`community_id`) REFERENCES `faith_community` (`community_id`) ON DELETE CASCADE;

/*!40101 SET CHARACTER_SET_CLIENT=@OLD_CHARACTER_SET_CLIENT */;
/*!40101 SET CHARACTER_SET_RESULTS=@OLD_CHARACTER_SET_RESULTS */;
/*!40101 SET COLLATION_CONNECTION=@OLD_COLLATION_CONNECTION */;
